雇用保険,雇用保険,1
雇用保険,雇用保険法,2
雇用保険,雇用保険事業,3
雇用保険,失業給付,4
雇用保険,雇用保険説明会,5
雇用保険,失業保険法,6
雇用保険,社会保険,7
雇用保険,労働保険,8
雇用保険,雇用のセーフティネット,9
雇用保険,季節労働,10
雇用保険,季節労働,11
雇用保険,公共職業安定所,12
雇用保険,福祉施設(失業保険法),13
雇用保険,失業,14
雇用保険,日雇い,15
雇用保険,船員保険,16
雇用保険,労働保険事務組合,17
雇用保険,ノート:雇用保険,18
雇用保険,労働保険の保険料の徴収等に関する法律,19
雇用保険,自己都合退職,20
雇用保険,日雇健康保険,21
雇用保険,短時間労働者の雇用管理の改善等に関する法律,22
雇用保険,基金訓練,23
雇用保険,雇用契約書,24
雇用保険,教育訓練給付制度,25
雇用保険,退職,26
雇用保険,労働者災害補償保険,27
雇用保険,雇用・能力開発機構,28
雇用保険,雇用促進住宅,29
雇用保険,免職,30
雇用保険,雇用保険審査官,31
雇用保険,都道府県労働局,32
雇用保険,会社都合退職,33
雇用保険,正規雇用,34
雇用保険,非正規雇用,35
雇用保険,傷病手当金,36
雇用保険,雇用調整助成金,37
雇用保険,健康保険,38
雇用保険,勤労者福祉施設,39
雇用保険,雇用労働部,40
雇用保険,普通解雇,41
雇用保険,私のしごと館,42
雇用保険,富山労働局,43
雇用保険,常勤,44
雇用保険,ノート:期間雇用社員(日本郵政),45
雇用保険,ビルト・イン・スタビライザー,46
雇用保険,育児休業,47
雇用保険,早期優遇退職,48
雇用保険,新たな形態の銀行,49
雇用保険,トライアル雇用,50
ももくろ,ももいろクローバーZ,1
ももくろ,百田夏菜子,2
ももくろ,有安杏果,3
ももくろ,ももクロ★オールスターズ2012,4
ももくろ,独占!ももクノ60分,5
ももくろ,ももクロChan〜MomoiroCloverZChannel〜,6
ももくろ,シロメ,7
ももくろ,玉井詩織,8
ももくろ,ももクロ団,9
ももくろ,ももクリ,10
ももくろ,ももいろクローバーZももクロくらぶxoxo,11
ももくろ,早見あかり,12
ももくろ,柏幸奈,13
ももくろ,高城れに,14
ももくろ,ももクロ式見学ガイドもも見!!,15
ももくろ,佐々木彩夏,16
ももくろ,ももいろクリスマスin日本青年館〜脱皮:DAPPI〜,17
ももくろ,白い風,18
ももくろ,バトルアンドロマンス,19
ももくろ,ももクロ秋の2大祭り「男祭り2011」「女祭り2011」-,20
ももくろ,GOUNN,21
ももくろ,ももいろクローバーZ春の一大事2013西武ドーム大会-,22
ももくろ,ももいろクローバーの毎日ももチャンネル!,23
ももくろ,ももクロの子供祭り2012〜良い子のみんな集まれーっ!〜-,24
ももくろ,行くぜっ!怪盗少女,25
ももくろ,ももクロ春の一大事2012〜横浜アリーナまさかの2DAYS,26
ももくろ,ももいろクリスマス2012〜さいたまスーパーアリーナ大会,27
ももくろ,ももいろパンチ,28
ももくろ,ツヨクツヨク,29
ももくろ,Z女戦争,30
ももくろ,未来へススメ!,31
ももくろ,伊倉愛美,32
ももくろ,ももクロ秋の2大祭り「男祭り2012-Dynamism-」「女祭,33
ももくろ,ももプロZ,34
ももくろ,4.10中野サンプラザ大会ももクロ春の一大事〜眩しさの中に,35
ももくろ,藤白すみれ,36
ももくろ,サラバ、愛しき悲しみたちよ,37
ももくろ,佐々木敦規,38
ももくろ,青山ワンセグ開発,39
ももくろ,ももクロ夏のバカ騒ぎSUMMERDIVE2012西武ドーム大会,40
ももくろ,ももクロの子供祭り2013〜守れ!みんなの東武動物公園戦え!,41
ももくろ,ももいろクローバーZJAPANTOUR2013「GOUNN」-,42
ももくろ,5THDIMENSION,43
ももくろ,NARASAKI,44
ももくろ,入口のない出口,45
ももくろ,クリスマスドラマ天使とジャンプ,46
ももくろ,ピンキージョーンズ,47
ももくろ,Z伝説〜終わりなき革命〜,48
ももくろ,清野茂樹,49
ももくろ,労働讃歌,50
確定申告,確定申告,1
確定申告,医療費控除,2
確定申告,青色申告,3
確定申告,白色申告,4
確定申告,雑所得,5
確定申告,年末調整,6
確定申告,e-Tax,7
確定申告,所得税,8
確定申告,控除,9
確定申告,利子所得,10
確定申告,フリーランス,11
確定申告,税務署,12
確定申告,地震保険料控除,13
確定申告,家内労働者等の事業所得等の所得計算の特例,14
確定申告,寄附金控除,15
確定申告,分離課税,16
確定申告,源泉徴収,17
確定申告,扶養控除,18
確定申告,普通徴収,19
確定申告,脱税,20
確定申告,還付金詐欺,21
確定申告,社会保険料控除,22
確定申告,国税庁,23
確定申告,確定拠出年金,24
確定申告,源泉徴収票,25
確定申告,申告納税制度,26
確定申告,ノート:確定申告,27
確定申告,不動産所得,28
確定申告,一時所得,29
確定申告,基町クレド,30
確定申告,配偶者控除,31
確定申告,国税局,32
確定申告,大阪国税局,33
確定申告,損害保険料控除,34
確定申告,確定給付年金,35
確定申告,配当所得,36
確定申告,七項目の確認事項,37
確定申告,Category:所得税,38
確定申告,個人事業主,39
確定申告,サラリーマン税金訴訟,40
確定申告,出金伝票,41
確定申告,サラリーマン税金訴訟,42
確定申告,大阪府北河内府民センター,43
確定申告,名古屋国税局,44
確定申告,職業一覧,45
確定申告,住民税,46
確定申告,事業税,47
確定申告,納税者番号制度,48
確定申告,国民健康保険税,49
確定申告,クレディ・スイス証券集団申告漏れ事件,50
タブレット,タブレット(コンピュータ),1
タブレット,タブレットPC,2
タブレット,タブレット,3
タブレット,ペンタブレット,4
タブレット,SonyTabletS,5
タブレット,閉塞(鉄道),6
タブレット,ドコモタブレット,7
タブレット,SonyTablet,8
タブレット,SonyTabletP,9
タブレット,エメラルド・タブレット,10
タブレット,REGZATablet,11
タブレット,タブレット純,12
タブレット,Android端末一覧,13
タブレット,ワコム,14
タブレット,ETBW11AA,15
タブレット,XperiaTabletS,16
タブレット,F-01D,17
タブレット,FRISK,18
タブレット,Android,19
タブレット,iPad,20
タブレット,BlackBerryTabletOS,21
タブレット,XperiaTabletZ,22
タブレット,TBi11M,23
タブレット,Xperia,24
タブレット,ノート:SonyTablet,25
タブレット,AcerIconiaTabA500,26
タブレット,auの端末一覧,27
タブレット,AT500/26F,28
タブレット,SC-01D,29
タブレット,SHT21,30
タブレット,NookTablet,31
タブレット,F-05E,32
タブレット,錠菓,33
タブレット,Ultra-MobilePC,34
タブレット,AcerIconiaTabA100,35
タブレット,NEXUS7,36
タブレット,ノート:タブレット(コンピュータ),37
タブレット,Category:タブレット型端末,38
タブレット,Nexus7(2013),39
タブレット,GALAPAGOS,40
タブレット,P-08D,41
タブレット,TOUGHBOOK,42
タブレット,SO-03E,43
タブレット,XperiaZ2Tablet,44
タブレット,ファブレット,45
タブレット,N-06D,46
タブレット,FAR75A/FAR70A,47
タブレット,スマートフォン,48
タブレット,ネットブック,49
タブレット,タッチパネル,50
平清盛,平清盛,1
平清盛,平清盛(NHK大河ドラマ),2
平清盛,平清盛(1992年のテレビドラマ),3
平清盛,平氏,4
平清盛,平重盛,5
平清盛,平時子,6
平清盛,平家盛,7
平清盛,平滋子,8
平清盛,平忠盛,9
平清盛,音戸の瀬戸,10
平清盛,平,11
平清盛,平盛子,12
平清盛,信西,13
平清盛,祇園闘乱事件,14
平清盛,源義朝,15
平清盛,平知盛,16
平清盛,義経(NHK大河ドラマ),17
平清盛,平徳子,18
平清盛,平氏政権,19
平清盛,福原京,20
平清盛,ノート:平清盛(NHK大河ドラマ)/過去ログ2,21
平清盛,保元の乱,22
平清盛,平清貞,23
平清盛,平将門の首塚,24
平清盛,平盛国,25
平清盛,平重衡,26
平清盛,平頼盛,27
平清盛,藤原頼長,28
平清盛,平維盛,29
平清盛,日宋貿易,30
平清盛,日宋貿易,31
平清盛,平時忠,32
平清盛,平教盛,33
平清盛,平忠正,34
平清盛,ノート:平清盛(NHK大河ドラマ)/過去ログ1,35
平清盛,ファイル:TairanoKiyomoriTenshiSekkanMiei.jpg,36
平清盛,平将門,37
平清盛,タルカス,38
平清盛,祇園女御,39
平清盛,伊勢平氏,40
平清盛,高階基章,41
平清盛,白拍子,42
平清盛,宋銭,43
平清盛,平完子,44
平清盛,落胤,45
平清盛,平家納経,46
平清盛,新・平家物語(NHK大河ドラマ),47
平清盛,大河ドラマ,48
平清盛,時忠(小惑星),49
平清盛,平治の乱,50
エバンゲリオン,エヴァンゲリオン,1
エバンゲリオン,新世紀エヴァンゲリオンの登場人物,2
エバンゲリオン,新世紀エヴァンゲリオンの用語一覧,3
エバンゲリオン,CR新世紀エヴァンゲリオン〜最後のシ者〜,4
エバンゲリオン,新世紀エヴァンゲリオン(ゲーム),5
エバンゲリオン,使徒(新世紀エヴァンゲリオン),6
エバンゲリオン,CR新世紀エヴァンゲリオン,7
エバンゲリオン,渚カヲル,8
エバンゲリオン,ヱヴァンゲリヲン新劇場版:序,9
エバンゲリオン,ヱヴァンゲリヲン新劇場版,10
エバンゲリオン,エヴァンゲリオン(架空の兵器),11
エバンゲリオン,新世紀エヴァンゲリオンの用語一覧,12
エバンゲリオン,CR新世紀エヴァンゲリオン〜最後のシ者〜,13
エバンゲリオン,ヱヴァンゲリヲン:序,14
エバンゲリオン,エヴァンゲリオンANIMA,15
エバンゲリオン,ヱヴァンゲリヲン新劇場版:Q,16
エバンゲリオン,新世紀エヴァンゲリオン劇場版Air/まごころを、君に-,17
エバンゲリオン,新世紀エヴァンゲリオン(パチスロ),18
エバンゲリオン,新世紀エヴァンゲリオン2,19
エバンゲリオン,新世紀エヴァンゲリオン(セガサターン),20
エバンゲリオン,CR新世紀エヴァンゲリオン〜最後のシ者〜,21
エバンゲリオン,ヱヴァンゲリヲン:序,22
エバンゲリオン,葛城ミサト,23
エバンゲリオン,碇シンジ,24
エバンゲリオン,EVANGELIONCHRONICLE,25
エバンゲリオン,Category:新世紀エヴァンゲリオンの音楽,26
エバンゲリオン,CR新世紀エヴァンゲリオン〜使徒、再び〜,27
エバンゲリオン,CR新世紀エヴァンゲリオン・セカンドインパクト,28
エバンゲリオン,Template:新世紀エヴァンゲリオン,29
エバンゲリオン,CRヱヴァンゲリヲン〜始まりの福音〜,30
エバンゲリオン,カルビーポテトチップス新世紀エヴァンゲリオン,31
エバンゲリオン,葛城ミサト,32
エバンゲリオン,エヴァ,33
エバンゲリオン,エヴァ缶,34
エバンゲリオン,CR新世紀エヴァンゲリオン〜奇跡の価値は〜,35
エバンゲリオン,Template:エヴァンゲリオンシリーズ,36
エバンゲリオン,新世紀エヴァンゲリオン2ndImpression,37
エバンゲリオン,EVANGELION:DEATH,38
エバンゲリオン,新世紀エヴァンゲリオン劇場版シト新生,39
エバンゲリオン,新世紀エヴァンゲリオン(NINTENDO64),40
エバンゲリオン,第3新東京市,41
エバンゲリオン,惣流・アスカ・ラングレー,42
エバンゲリオン,貞本義行,43
エバンゲリオン,新世紀エヴァンゲリオン〜約束の時〜,44
エバンゲリオン,ヱヴァンゲリヲン新吹奏楽版,45
エバンゲリオン,新世紀エヴァンゲリオンの登場兵器一覧,46
エバンゲリオン,新世紀エヴァンゲリオンタイピング-E計画,47
エバンゲリオン,新世紀エヴァンゲリオン学園堕天録,48
エバンゲリオン,福音書,49
エバンゲリオン,新世紀エヴァンゲリオン鋼鉄のガールフレンド,50
bluetooth,Bluetooth,1
bluetooth,Bluetoothプロファイルの一覧,2
bluetooth,AdvancedAudioDistributionProfile,3
bluetooth,OBEX,4
bluetooth,Category:Bluetooth,5
bluetooth,SCMS,6
bluetooth,E08T,7
bluetooth,Audio/VideoRemoteControlProfile,8
bluetooth,E10K,9
bluetooth,Category:Bluetooth搭載機器,10
bluetooth,SH-08B,11
bluetooth,ノート:Bluetooth,12
bluetooth,K009,13
bluetooth,SH905i,14
bluetooth,PersonalAreaNetwork,15
bluetooth,F-04A,16
bluetooth,CSR(企業),17
bluetooth,SH-11C,18
bluetooth,CA007,19
bluetooth,F-04D,20
bluetooth,W61CA,21
bluetooth,W53CA,22
bluetooth,IrDA,23
bluetooth,K011,24
bluetooth,IEEE802.15,25
bluetooth,SoftBank830SH,26
bluetooth,P902i,27
bluetooth,ブルトゥス,28
bluetooth,ハーラル1世(デンマーク王),29
bluetooth,SH-09B,30
bluetooth,P705i,31
bluetooth,F-08A,32
bluetooth,W44T,33
bluetooth,W64S,34
bluetooth,ISW11K,35
bluetooth,T005,36
bluetooth,SoftBank921P,37
bluetooth,T002,38
bluetooth,KYL21,39
bluetooth,F-10B,40
bluetooth,SoftBank705P,41
bluetooth,LGL21,42
bluetooth,PRISMOID,43
bluetooth,W63K,44
bluetooth,W62S,45
bluetooth,K006,46
bluetooth,SoftBank940SH,47
bluetooth,SH004,48
bluetooth,SH-02A,49
bluetooth,WX310K,50
クラウド,クラウドコンピューティング,1
クラウド,クラウド・ストライフ,2
クラウド,クラウド,3
クラウド,SaaS,4
クラウド,クラウドソーシング,5
クラウド,CLOUD,6
クラウド,クラウドファンディング,7
クラウド,クラウド・ナイン,8
クラウド,セフィロス,9
クラウド,クラウドアトラス,10
クラウド,クラウド・ナイン(日本のバンド),11
クラウド,クラウド・ゲート,12
クラウド,iCloud,13
クラウド,クラウドゲーム,14
クラウド,クラウドワークス,15
クラウド,クラウド・ナイン(戯曲),16
クラウド,タグクラウド,17
クラウド,クラウドゲート(企業),18
クラウド,オンプレミス,19
クラウド,シルバー・クラウド(客船),20
クラウド,レッド・クラウド,21
クラウド,バズワード,22
クラウド,セントクラウド(ミネソタ州),23
クラウド,MicrosoftAzure,24
クラウド,クラウド・サーフィング,25
クラウド,クラウド・アトラス,26
クラウド,セールスフォース・ドットコム,27
クラウド,ダーククラウド,28
クラウド,クラウドサット,29
クラウド,GMOクラウド,30
クラウド,ネットワーク・コンピューティング,31
クラウド,クラウディングアウト,32
クラウド,ザックス・フェア,33
クラウド,クラウド・ナイン(ジョージ・ハリスンのアルバム),34
クラウド,クラウドベリー・ジャム,35
クラウド,CROWD,36
クラウド,ピンククラウド,37
クラウド,OpenStack,38
クラウド,クラウド郡(カンザス州),39
クラウド,オンラインストレージ,40
クラウド,InfrastructureasaService,41
クラウド,日本クラウド証券,42
クラウド,ウイルスバスター,43
クラウド,AmazonElasticComputeCloud,44
クラウド,クラウド・ナイン(浮遊都市),45
クラウド,クラウド秋山道場,46
クラウド,レッドクラウド戦争,47
クラウド,GMOクラウドWEST,48
クラウド,P900iV,49
クラウド,GoogleCloudPrint,50
SKE48,SKE48,1
SKE48,SKE48の関連作品,2
SKE48,オキドキ,3
SKE48,片想いFinally,4
SKE48,松井玲奈,5
SKE48,SKE,6
SKE48,アイシテラブル!,7
SKE48,向田茉夏,8
SKE48,バンザイVenus,9
SKE48,松井珠理奈,10
SKE48,高柳明音,11
SKE48,矢神久美,12
SKE48,秦佐和子,13
SKE48,SKE48大学ナビ,14
SKE48,SKE48のアイドル×アイドル,15
SKE48,須田亜香里,16
SKE48,Category:SKE48の楽曲,17
SKE48,大矢真那,18
SKE48,SKE48学園,19
SKE48,1!2!3!4!ヨロシク!,20
SKE48,強き者よ,21
SKE48,もちろんSKE!!,22
SKE48,ぶっつけ!!,23
SKE48,平松可奈子,24
SKE48,パレオはエメラルド,25
SKE48,小木曽汐莉,26
SKE48,桑原みずき,27
SKE48,佐藤実絵子,28
SKE48,SKE48のマジカル・ラジオ,29
SKE48,SKE48観覧車へようこそ!!,30
SKE48,青空片想い,31
SKE48,SKE48の世界征服女子,32
SKE48,高田志織,33
SKE48,SKE48ムスメにいかが!?,34
SKE48,小野晴香,35
SKE48,でらSKE,36
SKE48,チームS3rdStage「制服の芽」,37
SKE48,SKE48のあいちテル!,38
SKE48,木本花音,39
SKE48,木下有希子,40
SKE48,木崎ゆりあ,41
SKE48,モウソウ刑事!,42
SKE48,石田安奈,43
SKE48,古川愛李,44
SKE48,金子栞,45
SKE48,平田璃香子,46
SKE48,松村香織,47
SKE48,梅本まどか,48
SKE48,SKE48のおやすみ名言道場,49
SKE48,松下唯,50
NPO法人,特定非営利活動法人,1
NPO法人,NPO,2
NPO法人,特定非営利活動促進法,3
NPO法人,POSSE(NPO法人),4
NPO法人,Wink(NPO法人),5
NPO法人,MESHサポート,6
NPO法人,非営利団体,7
NPO法人,法人,8
NPO法人,NPOバンク,9
NPO法人,日本NPOセンター,10
NPO法人,労働相談センター(NPO法人),11
NPO法人,NPOカタリバ,12
NPO法人,非営利型法人,13
NPO法人,言論エヌピーオー,14
NPO法人,大雪りばぁねっと。,15
NPO法人,ドットジェイピー(NPO),16
NPO法人,Category:特定非営利活動法人,17
NPO法人,NPO(曖昧さ回避),18
NPO法人,シンフォニー(NPO),19
NPO法人,特定公益増進法人,20
NPO法人,特定公益増進法人,21
NPO法人,NaYOGA,22
NPO法人,社会福祉法人,23
NPO法人,NPO立小学校,24
NPO法人,法人登記,25
NPO法人,自立生活サポートセンター・もやい,26
NPO法人,駒崎弘樹,27
NPO法人,日本音楽推進協会,28
NPO法人,公益法人,29
NPO法人,国境なき医師団日本,30
NPO法人,ナイスデイ(NPO),31
NPO法人,災害救助犬ネットワーク,32
NPO法人,NPO法人ブレインハート,33
NPO法人,世界芸術文化振興協会,34
NPO法人,ノート:Wink(NPO法人),35
NPO法人,前夜(NPO),36
NPO法人,北九州ホームレス支援機構,37
NPO法人,アビラーション,38
NPO法人,社団法人,39
NPO法人,全国女性シェルターネット,40
NPO法人,理事,41
NPO法人,気象キャスターネットワーク,42
NPO法人,貧困ビジネス,43
NPO法人,やまつみスポーツクラブ,44
NPO法人,宗次徳二,45
NPO法人,キズキ,46
NPO法人,ブレーンヒューマニティー,47
NPO法人,湘南ベルマーレスポーツクラブ,48
NPO法人,中間支援組織,49
NPO法人,監査法人,50
香川真二,香川真司,1
香川真二,宮本真司,2
香川真二,原田真二,3
香川真二,西田真二,4
香川真二,香川,5
香川真二,第一学院高等学校,6
香川真二,宮城県黒川高等学校,7
香川真二,マリオ・ゲッツェ,8
香川真二,垂水区,9
香川真二,香川オリーブガイナーズ,10
香川真二,岡崎慎司,11
香川真二,ボルシア・ドルトムント,12
香川真二,柿谷曜一朗,13
香川真二,仙台カップ国際ユースサッカー大会,14
香川真二,森島寛晃,15
香川真二,サッカー代理人一覧,16
香川真二,セレッソ大阪,17
香川真二,Category:ボルシア・ドルトムントの選手,18
香川真二,遠藤康,19
香川真二,FCみやぎバルセロナ,20
香川真二,FCみやぎバルセロナ,21
香川真二,仙台市立八乙女中学校,22
香川真二,江添建次郎,23
香川真二,剃毛,24
香川真二,内田篤人,25
香川真二,移籍金,26
香川真二,ユルゲン・クロップ,27
香川真二,島根県立しまね海洋館,28
香川真二,レヴィー・クルピ,29
香川真二,本田圭佑,30
香川真二,オダイ・アル・サイフィ,31
香川真二,乾貴士,32
香川真二,香川県出身の人物一覧,33
香川真二,森脇健児,34
香川真二,黄金世代,35
香川真二,牧内辰也,36
香川真二,U-20サッカー日本代表,37
香川真二,ドルトムント,38
香川真二,トーマス・クロート,39
香川真二,ウイニングイレブン,40
香川真二,白戸家,41
香川真二,森島康仁,42
香川真二,香川照之,43
香川真二,たこやきマントマン,44
香川真二,清武弘嗣,45
香川真二,ニック・パウエル,46
香川真二,柏木陽介,47
香川真二,マンチェスター・ユナイテッドFC,48
香川真二,呂比須ワグナー,49
香川真二,田中モトユキ,50
少女時代,少女時代(音楽グループ),1
少女時代,少女時代,2
少女時代,少女時代の作品,3
少女時代,少女時代(アルバム),4
少女時代,スヨン(少女時代),5
少女時代,ティファニー(少女時代),6
少女時代,ユナ(少女時代),7
少女時代,ユリ(少女時代),8
少女時代,ジェシカ(少女時代),9
少女時代,ソヒョン,10
少女時代,サニー(少女時代),11
少女時代,Oh!(少女時代の曲),12
少女時代,少女時代-テティソ,13
少女時代,RunDevilRun(少女時代の曲),14
少女時代,Gee,15
少女時代,テヨン,16
少女時代,ヒョヨン,17
少女時代,GENIE,18
少女時代,Hoot,19
少女時代,遠藤時代,20
少女時代,少女,21
少女時代,少女時代のハローベイビー,22
少女時代,少女時代到来〜来日記念盤〜NewBeginningofGirls,23
少女時代,PAPARAZZI,24
少女時代,MR.TAXI/RunDevilRun,25
少女時代,THEBEST(少女時代のアルバム),26
少女時代,GIRLS'GENERATION(アルバム),27
少女時代,GIRLS'GENERATIONII〜Girls&Peace〜,28
少女時代,LOVE&PEACE(少女時代のアルバム),29
少女時代,TheBoys,30
少女時代,時代(中島みゆきの曲),31
少女時代,少女小説,32
少女時代,少年少女(お笑いコンビ),33
少女時代,少女少年,34
少女時代,地獄少女,35
少女時代,Re:packageAlbum"GIRLS'GENERATION"〜TheBoys,36
少女時代,少年時代(井上陽水の曲),37
少女時代,Template:少女時代,38
少女時代,スヨン,39
少女時代,Category:少女時代のメンバー,40
少女時代,ノート:少女時代,41
少女時代,水色時代,42
少女時代,写真時代,43
少女時代,Category:少女時代,44
少女時代,魔法少女,45
少女時代,また巡り逢えた世界,46
少女時代,ユナ,47
少女時代,少女、学校へ行く,48
少女時代,GIRLS'GENERATION〜Girls&Peace〜Japan2ndTour,49
少女時代,IGotaBoy,50
java,Java,1
java,Javaアプレット,2
java,Javaプラットフォーム,3
java,JavaServlet,4
java,JavaPlatformStandardEdition,5
java,JavaとC++の比較,6
java,Javaの文法,7
java,Java仮想マシン,8
java,JavaScript,9
java,ジャバ,10
java,Javaの性能,11
java,JDBC,12
java,パッケージ(Java),13
java,Javadoc,14
java,Javaクラスファイル,15
java,Javaアプリケーション,16
java,JavaDevelopmentKit,17
java,Java3D,18
java,JavaFX,19
java,JavaWebStart,20
java,Javaに対する批判,21
java,Java,22
java,JAR(ファイルフォーマット),23
java,Swing,24
java,Javaクラスライブラリ,25
java,CSharpとJavaの比較,26
java,ジャワコーヒー,27
java,JavaPlatformEnterpriseEdition,28
java,Java2D,29
java,Javaコンパイラ,30
java,JavaOS,31
java,JavaPlatformMicroEdition,32
java,JAR,33
java,JavaBeans,34
java,キーワード(Java),35
java,ジャワ島,36
java,Category:Java,37
java,JavaNativeInterface,38
java,Eclipse(統合開発環境),39
java,JavaMessageService,40
java,シリアライズ,41
java,JavaFoundationClasses,42
java,ノート:Java,43
java,EZアプリ(Java),44
java,JavaPersistenceAPI,45
java,Javaバイトコード,46
java,Webアプリケーションフレームワーク,47
java,GlassFish,48
java,アノテーション,49
java,JavaOne,50
Fate/Zero,Fate/Zero,1
Fate/Zero,SoundDramaFate/Zero-ラジオマテリアル-,2
Fate/Zero,Fate/staynight,3
Fate/Zero,Fate/hollowataraxia,4
Fate/Zero,Fate/Prototype,5
Fate/Zero,Fate/unlimitedcodes,6
Fate/Zero,Fate/EXTRA,7
Fate/Zero,MEMORIA,8
Fate/Zero,oathsign,9
Fate/Zero,Fate/Apocrypha,10
Fate/Zero,Fate/strangefake,11
Fate/Zero,フェイト/タイガーころしあむ,12
Fate/Zero,Fate/staynightキャラクターイメージソング,13
Fate/Zero,氷室の天地Fate/schoollife,14
Fate/Zero,Template:Fateシリーズ,15
Fate/Zero,ALDNOAH.ZERO,16
Fate/Zero,ユーフォーテーブル,17
Fate/Zero,Category:Fateシリーズ,18
Fate/Zero,TYPE-MOON,19
Fate/Zero,武内崇,20
Fate/Zero,0〜ZERO〜,21
Fate/Zero,Fate/staytune,22
Fate/Zero,ノート:Fate/staynight,23
Fate/Zero,虚淵玄,24
Fate/Zero,tothebeginning,25
Fate/Zero,とびだせ!トラぶる花札道中記,26
Fate/Zero,藍井エイル,27
Fate/Zero,奈須きのこ,28
Fate/Zero,0(曖昧さ回避),29
Fate/Zero,空は高く風は歌う,30
Fate/Zero,空は高く風は歌う,31
Fate/Zero,小山力也,32
Fate/Zero,鶴岡聡,33
Fate/Zero,ジル・ド・レ,34
Fate/Zero,Charactermaterial,35
Fate/Zero,アーネンエルベの一日,36
Fate/Zero,あおきえい,37
Fate/Zero,キャリコM100,38
Fate/Zero,梶浦由記,39
Fate/Zero,Kalafina,40
Fate/Zero,こやまひろかず,41
Fate/Zero,TAKEMOON,42
Fate/Zero,エクスカリバー(曖昧さ回避),43
Fate/Zero,マチ★アソビ,44
Fate/Zero,ufotableCINEMA,45
Fate/Zero,ストリートファイターZERO,46
Fate/Zero,アーチャー,47
Fate/Zero,門脇舞以,48
Fate/Zero,恒松あゆみ,49
Fate/Zero,渡辺明乃,50
アスペルガー症候群,アスペルガー症候群,1
アスペルガー症候群,ハンス・アスペルガー,2
アスペルガー症候群,自閉症,3
アスペルガー症候群,ノート:アスペルガー症候群,4
アスペルガー症候群,カサンドラ症候群,5
アスペルガー症候群,広汎性発達障害,6
アスペルガー症候群,自閉症スペクトラム,7
アスペルガー症候群,泉流星,8
アスペルガー症候群,ニキ・リンコ,9
アスペルガー症候群,注意欠陥・多動性障害,10
アスペルガー症候群,カサンドラ症候群,11
アスペルガー症候群,発達障害,12
アスペルガー症候群,長崎男児誘拐殺人事件,13
アスペルガー症候群,サヴァン症候群,14
アスペルガー症候群,恋する宇宙,15
アスペルガー症候群,のび太・ジャイアン症候群,16
アスペルガー症候群,トニー・アトウッド,17
アスペルガー症候群,倉持由香,18
アスペルガー症候群,特定不能の広汎性発達障害,19
アスペルガー症候群,症候群の一覧,20
アスペルガー症候群,マルファン症候群,21
アスペルガー症候群,発達障害者支援法,22
アスペルガー症候群,平野区市営住宅殺人事件,23
アスペルガー症候群,豊川市主婦殺人事件,24
アスペルガー症候群,トゥレット障害,25
アスペルガー症候群,金田ゆうじ,26
アスペルガー症候群,障害を扱った作品の一覧,27
アスペルガー症候群,モーツァルトとクジラ,28
アスペルガー症候群,ローナ・ウィング,29
アスペルガー症候群,岡田尊司,30
アスペルガー症候群,岡田尊司,31
アスペルガー症候群,マイネーム・イズ・ハーン,32
アスペルガー症候群,音符と昆布,33
アスペルガー症候群,ノート:カサンドラ症候群,34
アスペルガー症候群,境界性パーソナリティ障害,35
アスペルガー症候群,テンプル・グランディン,36
アスペルガー症候群,堀川ひとみ,37
アスペルガー症候群,月経前症候群,38
アスペルガー症候群,ミュンヒハウゼン症候群,39
アスペルガー症候群,大人の発達障害,40
アスペルガー症候群,ノート:サヴァン症候群,41
アスペルガー症候群,レディホーク(音楽家),42
アスペルガー症候群,ダニエル・タメット,43
アスペルガー症候群,強迫性障害,44
アスペルガー症候群,ブラム・コーエン,45
アスペルガー症候群,ダン・エイクロイド,46
アスペルガー症候群,小児神経学,47
アスペルガー症候群,杉山登志郎,48
アスペルガー症候群,AS,49
アスペルガー症候群,15の夜(漫画),50
ONEPIECE,ONEPIECE(アニメ),1
ONEPIECE,ONEPIECE(アニメ)のエピソード一覧,2
ONEPIECE,ONEPIECE(2000年の映画),3
ONEPIECE,海賊(ONEPIECE),4
ONEPIECE,海軍(ONEPIECE),5
ONEPIECE,ONEPIECEの登場人物一覧,6
ONEPIECE,ONEPIECEFILMZ,7
ONEPIECE,ONEPIECEエピソードオブアラバスタ砂漠の王女と海賊た,8
ONEPIECE,空島(ONEPIECE),9
ONEPIECE,ワンピース,10
ONEPIECE,空島(ONEPIECE),11
ONEPIECE,ONEPIECE(S-WORDのアルバム),12
ONEPIECE,ONEPIECEの地理,13
ONEPIECE,ONEPIECE麦わら劇場,14
ONEPIECE,ナミ(ONEPIECE),15
ONEPIECE,ONEPIECEアンリミテッドワールドレッド,16
ONEPIECE,ONEPIECEねじまき島の冒険,17
ONEPIECE,ONEPIECE珍獣島のチョッパー王国,18
ONEPIECE,Oneday(TheROOTLESSの曲),19
ONEPIECE,尾田栄一郎,20
ONEPIECE,ONEPIECEの用語一覧,21
ONEPIECE,ONEPIECEFILMSTRONGWORLD,22
ONEPIECE,ONEPIECEアンリミテッドアドベンチャー,23
ONEPIECE,ONEPIECE映像音楽完全盤,24
ONEPIECE,ONEPIECE呪われた聖剣,25
ONEPIECE,ブルック(ONEPIECE),26
ONEPIECE,ONEPIECETHEMOVIEデッドエンドの冒険,27
ONEPIECE,ONEPIECE3D麦わらチェイス,28
ONEPIECE,モンキー・D・ルフィ,29
ONEPIECE,ノート:海賊(ONEPIECE),30
ONEPIECE,ONEPIECETHEMOVIEエピソードオブチョッパー+冬に咲,31
ONEPIECE,ONEPIECEの世界における年表,32
ONEPIECE,ONEPIECETHEMOVIEオマツリ男爵と秘密の島,33
ONEPIECE,ONEPIECEロマンスドーンストーリー,34
ONEPIECE,フランキー(ONEPIECE),35
ONEPIECE,ONEPIECE倒せ!海賊ギャンザック,36
ONEPIECE,ONEPIECEキャラソンカーニバル!!,37
ONEPIECE,ONEPIECEとびだせ海賊団!,38
ONEPIECE,ロロノア・ゾロ,39
ONEPIECE,ONEPIECEエピソードオブナミ〜航海士の涙と仲間の絆,40
ONEPIECE,ONEPIECEアンリミテッドクルーズ,41
ONEPIECE,ONEPIECEギガントバトル!2新世界,42
ONEPIECE,ONEPIECEエピソードオブメリー〜もうひとりの仲間の物,43
ONEPIECE,ONEPIECEMUSIC&SONGCollection,44
ONEPIECE,Category:劇場版ONEPIECE,45
ONEPIECE,ONEPIECETHEMOVIEカラクリ城のメカ巨兵,46
ONEPIECE,ノート:海軍(ONEPIECE),47
ONEPIECE,ワンピース時代劇,48
ONEPIECE,ONEPIECEサウザンドサニー号ソングCD,49
ONEPIECE,ONEPIECEBESTALBUM〜ワンピース主題歌集〜,50
犬,イヌ,1
犬,犬食文化,2
犬,パピヨン(犬),3
犬,お犬の方,4
犬,イヌを主題とする作品一覧,5
犬,プードル,6
犬,警察犬,7
犬,紀州犬,8
犬,犬(将棋),9
犬,犬(漫画家),10
犬,ダルメシアン,11
犬,ラブラドール・レトリバー,12
犬,ライカ(犬),13
犬,秋田犬,14
犬,ペット,15
犬,ボクサー(犬),16
犬,猟犬,17
犬,軍犬,18
犬,ワイマラナー,19
犬,犬の品種一覧,20
犬,野犬,21
犬,チワワ,22
犬,ボー(犬),23
犬,牧羊犬,24
犬,犬の生活,25
犬,ハワイアン・ポイ・ドッグ,26
犬,犬夜叉,27
犬,小型犬,28
犬,日本犬,29
犬,ニューファンドランド(犬),30
犬,シベリアン・ハスキー,31
犬,ポメラニアン,32
犬,イヌぞり,33
犬,ソ連の宇宙犬,34
犬,リンリン(犬),35
犬,スピッツ(犬),36
犬,スパニエル,37
犬,名犬,38
犬,狆,39
犬,食用犬種,40
犬,平治(犬),41
犬,キ犬,42
犬,ジャーマン・シェパード・ドッグ,43
犬,アメリカン・コッカー・スパニエル,44
犬,パグ,45
犬,ブルテリア,46
犬,イヌ亜目,47
犬,シーズー,48
犬,プーミー,49
犬,犬部,50
パーキンソン病,パーキンソン病,1
パーキンソン病,パーキンソン症候群,2
パーキンソン病,抗パーキンソン病薬,3
パーキンソン病,Category:パーキンソン病,4
パーキンソン病,脳深部刺激療法,5
パーキンソン病,レボドパ,6
パーキンソン病,Category:パーキンソン病の人物,7
パーキンソン病,ロチゴチン,8
パーキンソン病,アルファ-シヌクレイン,9
パーキンソン病,スティーヴン・ホーキング,10
パーキンソン病,モハメド・アリ,11
パーキンソン病,マイケル・J・フォックス,12
パーキンソン病,ジスキネジア,13
パーキンソン病,ノート:パーキンソン病,14
パーキンソン病,ロピニロール,15
パーキンソン病,永六輔,16
パーキンソン病,仮面様顔貌,17
パーキンソン病,春風亭栄橋,18
パーキンソン病,姿勢反射,19
パーキンソン病,レビー小体,20
パーキンソン病,ジストニア,21
パーキンソン病,レナードの朝,22
パーキンソン病,錐体外路症状,23
パーキンソン病,黒質,24
パーキンソン病,樋口了一,25
パーキンソン病,特定疾患,26
パーキンソン病,ドーパミン,27
パーキンソン病,アマンタジン,28
パーキンソン病,神経変性疾患,29
パーキンソン病,固縮,30
パーキンソン病,マイヤーソン徴候,31
パーキンソン病,パーキンソン,32
パーキンソン病,モーリス・ホワイト,33
パーキンソン病,三浦綾子,34
パーキンソン病,アルビド・カールソン,35
パーキンソン病,パット・トーピー,36
パーキンソン病,失調,37
パーキンソン病,Category:ドーパミン受容体作動薬,38
パーキンソン病,レビー小体型認知症,39
パーキンソン病,遅発性ジスキネジア,40
パーキンソン病,不随意運動,41
パーキンソン病,ノート:パーキンソン症候群,42
パーキンソン病,エンタカポン,43
パーキンソン病,藤本製薬,44
パーキンソン病,ドーパミン拮抗薬,45
パーキンソン病,レム睡眠行動障害,46
パーキンソン病,悪性症候群,47
パーキンソン病,大脳基底核,48
パーキンソン病,ビペリデン,49
パーキンソン病,小森和子,50
ハンセン病,ハンセン病,1
ハンセン病,日本のハンセン病問題,2
ハンセン病,ハンセン病療養所,3
ハンセン病,国立ハンセン病療養所,4
ハンセン病,スティグマ(ハンセン病),5
ハンセン病,Category:ハンセン病,6
ハンセン病,ハンセン病元患者宿泊拒否事件,7
ハンセン病,国立ハンセン病資料館,8
ハンセン病,ハンセン病問題検証会議,9
ハンセン病,ハンセン病問題の解決の促進に関する法律,10
ハンセン病,らい予防法違憲国家賠償訴訟,11
ハンセン病,日本ハンセン病学会,12
ハンセン病,ハンセン病に関連した人物,13
ハンセン病,ノート:ハンセン病,14
ハンセン病,無癩県運動,15
ハンセン病,断種,16
ハンセン病,国立療養所長島愛生園,17
ハンセン病,国立療養所大島青松園,18
ハンセン病,ハンセン病市民学会,19
ハンセン病,大谷藤郎,20
ハンセン病,国立療養所栗生楽泉園,21
ハンセン病,ハンセン,22
ハンセン病,本妙寺事件,23
ハンセン病,ハンセン病療養所の特殊通貨,24
ハンセン病,ダミアン神父,25
ハンセン病,国立療養所菊池恵楓園,26
ハンセン病,特別病室,27
ハンセン病,国立駿河療養所,28
ハンセン病,国立療養所多磨全生園,29
ハンセン病,藤本事件,30
ハンセン病,ハンナ・リデル,31
ハンセン病,光田健輔,32
ハンセン病,ブレンダン・ハンセン,33
ハンセン病,桜井哲夫,34
ハンセン病,アルマウェル・ハンセン,35
ハンセン病,塔和子,36
ハンセン病,犀川一夫,37
ハンセン病,大風子油,38
ハンセン病,ハンセン病元患者宿泊拒否事件,39
ハンセン病,井深八重,40
ハンセン病,国立療養所邑久光明園,41
ハンセン病,神谷美恵子,42
ハンセン病,スタン・ハンセン,43
ハンセン病,龍田寮事件,44
ハンセン病,国立ハンセン病博物館,45
ハンセン病,小笠原登,46
ハンセン病,国立療養所松丘保養園,47
ハンセン病,国立療養所宮古南静園,48
ハンセン病,わたしが・棄てた・女,49
ハンセン病,青木恵哉,50
URL,UniformResourceLocator,1
URL,短縮URL,2
URL,リダイレクト(HTTP),3
URL,パーセントエンコーディング,4
URL,アドレスバー,5
URL,Help:URL,6
URL,相対URL,7
URL,UniformResourceIdentifier,8
URL,日本語ドメイン名,9
URL,TinyURL,10
URL,Template:URL,11
URL,Help:リンク,12
URL,DataURIscheme,13
URL,モジュール:URL,14
URL,ワンタイムURL,15
URL,Punycode,16
URL,ブログ,17
URL,Template‐ノート:座標URL,18
URL,Help‐ノート:URL,19
URL,Category:都道府県の自治体URLテンプレート,20
URL,Wikipedia:ウィキペディアを引用する,21
URL,Template:座標URL,22
URL,ブラウザクラッシャー,23
URL,Template:近代デジタルライブラリーURL,24
URL,結婚式,25
URL,犬鳴村,26
URL,HTTPリファラ,27
URL,日経平均株価,28
URL,ActiveX,29
URL,文字コード,30
URL,h抜き,31
URL,直リンク,32
URL,UniformResourceName,33
URL,免疫抑制剤,34
URL,ノート:短縮URL,35
URL,怪盗ロワイヤル,36
URL,メールマガジン,37
URL,自由権規約人権委員会,38
URL,Facebook,39
URL,公式ウェブサイト,40
URL,遷延性意識障害,41
URL,ミクシィ,42
URL,琉球征伐,43
URL,mailto,44
URL,鹿苑寺,45
URL,出口クリスタ,46
URL,デビッド・ストーン,47
URL,暗黒聖闘士,48
URL,マネックス・ショック,49
URL,サイモン(ゲーム),50
綾野つよし,綾野剛,1
綾野つよし,AYANO!,2
綾野つよし,勇者ヨシヒコと魔王の城,3
綾野つよし,綾部祐二,4
綾野つよし,日本の漫画家一覧,5
綾野つよし,ニコジョッキー,6
綾野つよし,松村邦洋,7
綾野つよし,南條愛乃,8
綾野つよし,有罪×無罪,9
綾野つよし,カーネーション(テレビドラマ),10
綾野つよし,有罪×無罪,11
綾野つよし,カーネーション(テレビドラマ),12
綾野つよし,日本の成人向け漫画家の一覧,13
綾野つよし,開拓者たち,14
綾野つよし,綾小路きみまろ,15
綾野つよし,銀シャリ(お笑い),16
綾野つよし,三浦知良,17
綾野つよし,アレックスシネマ,18
綾野つよし,好きなものは好きだからしょうがない!!,19
綾野つよし,神奈月,20
綾野つよし,柴咲コウ,21
綾野つよし,ザブングル(お笑いコンビ),22
綾野つよし,しゃべくり007,23
綾野つよし,エス・エス・エム,24
綾野つよし,中条きよし,25
綾野つよし,戸田恵梨香,26
綾野つよし,内閣権力犯罪強制取締官財前丈太郎,27
綾野つよし,綾瀬はるか,28
綾野つよし,Category:出典を必要とする存命人物記事/2013年5月,29
綾野つよし,林原めぐみ,30
綾野つよし,林原めぐみ,31
綾野つよし,アンフェア,32
綾野つよし,最高の離婚,33
綾野つよし,仮面ライダー555の登場人物,34
綾野つよし,Akeboshi,35
綾野つよし,Category:ニコジョッキー,36
綾野つよし,イヌを主題とする作品一覧,37
綾野つよし,イナズマイレブンの登場人物,38
綾野つよし,八重の桜,39
綾野つよし,名探偵コナン迷宮の十字路,40
綾野つよし,日本の男優一覧,41
綾野つよし,冨樫真,42
綾野つよし,37歳で医者になった僕〜研修医純情物語〜,43
綾野つよし,リッチマン、プアウーマン,44
綾野つよし,岐阜県出身の人物一覧,45
綾野つよし,Category:オーロラ・プロジェクト女優,46
綾野つよし,GOLD(テレビドラマ),47
綾野つよし,太田プロダクション,48
綾野つよし,2012年のテレビドラマ(日本),49
綾野つよし,つるの剛士,50
Facebook,Facebook,1
Facebook,いいね!ボタン,2
Facebook,Category:Facebook,3
Facebook,マーク・ザッカーバーグ,4
Facebook,Template:Facebook,5
Facebook,ファイル:Facebook.svg,6
Facebook,エドゥアルド・サベリン,7
Facebook,ソーシャル・ネットワーク(映画),8
Facebook,Category:Facebookユーザー,9
Facebook,ショーン・パーカー,10
Facebook,ショーン・パーカー,11
Facebook,人人網,12
Facebook,ソーシャル・ネットワーキング・サービス,13
Facebook,MEME,14
Facebook,西田新,15
Facebook,ジャスミン革命,16
Facebook,Template:Facebookpost,17
Facebook,ファイル:Facebookicon.svg,18
Facebook,小林香(政治家),19
Facebook,ソーシャルボタン,20
Facebook,ジンガ,21
Facebook,Google+,22
Facebook,井口一彦,23
Facebook,ソーシャルメディア,24
Facebook,Myspace,25
Facebook,ソーシャル・ネットワーキング・サービスの一覧,26
Facebook,FB,27
Facebook,Template:UserFacebook,28
Facebook,高田邦夫,29
Facebook,廣木弓子,30
Facebook,ネット検閲,31
Facebook,菅原麗子,32
Facebook,ヨーダ,33
Facebook,細田健一,34
Facebook,井上和子(女優),35
Facebook,ApacheCassandra,36
Facebook,糸数美樹,37
Facebook,アイラ・ブラウン,38
Facebook,芝田美沙,39
Facebook,児玉美保,40
Facebook,谷山雄二朗,41
Facebook,RockMelt,42
Facebook,神田知子,43
Facebook,Hack(プログラミング言語),44
Facebook,新潟県立三条高等学校,45
Facebook,桐嶋直志,46
Facebook,Indigo7,47
Facebook,Template:FacebookPage,48
Facebook,東武志,49
Facebook,北川友紀,50
インフラ,インフラストラクチャー,1
インフラ,インフラストラクチャー・モード,2
インフラ,IHIインフラシステム,3
インフラ,エヌ・ティ・ティ・インフラネット,4
インフラ,IHIインフラ建設,5
インフラ,ライフライン,6
インフラ,ネットワークインフラただ乗り論争,7
インフラ,インフラジスティックス・ジャパン,8
インフラ,欧州市場インフラ規則,9
インフラ,Category:ヨーロッパの交通インフラ,10
インフラ,社会資本,11
インフラ,Category:ヨーロッパの交通インフラ,12
インフラ,斗山,13
インフラ,Category:フランスの交通インフラ,14
インフラ,桃花台線インフラ利活用懇談会,15
インフラ,Category:各国の鉄道インフラ,16
インフラ,Category:各国の電力インフラ,17
インフラ,松尾橋梁,18
インフラ,Category:タイの交通インフラ,19
インフラ,Category:オーストリアの交通インフラ,20
インフラ,Category:タイの交通インフラ,21
インフラ,Category:オーストリアの交通インフラ,22
インフラ,バングラデシュ,23
インフラ,Category:ヨーロッパのインフラ,24
インフラ,Category:各国のインフラ,25
インフラ,Category:各国のエネルギー関連インフラ,26
インフラ,Category:ドイツの電力インフラ,27
インフラ,Category:ドイツの鉄道インフラ,28
インフラ,Category:石油関連インフラ,29
インフラ,ハワイ郡(ハワイ州),30
インフラ,Category:ヨーロッパの電力インフラ,31
インフラ,Category:各国のエネルギー関連インフラ,32
インフラ,Category:ドイツの電力インフラ,33
インフラ,Category:ドイツのインフラ,34
インフラ,Category:オランダの交通インフラ,35
インフラ,Category:スイスの鉄道インフラ,36
インフラ,Category:石油関連インフラ,37
インフラ,Category:オーストリアの鉄道インフラ,38
インフラ,ハワイ郡(ハワイ州),39
インフラ,コンピュータネットワーク,40
インフラ,Category:イタリアの鉄道インフラ,41
インフラ,Category:石油関連インフラ,42
インフラ,Category:エネルギー関連インフラ,43
インフラ,ハワイ郡(ハワイ州),44
インフラ,コンピュータネットワーク,45
インフラ,Category:イギリスのエネルギー関連インフラ,46
インフラ,Category:フランスの電力インフラ,47
インフラ,Category:天然ガス関連インフラ,48
インフラ,協和エクシオ,49
インフラ,官民ファンド,50
相棒,相棒,1
相棒,相棒の登場人物,2
相棒,相棒-劇場版II-警視庁占拠!特命係の一番長い夜,3
相棒,相棒-劇場版-絶体絶命!42.195km東京ビッグシティマラソン,4
相棒,相棒-劇場版III-巨大密室!特命係絶海の孤島へ,5
相棒,相棒のサウンドトラック,6
相棒,池頼広,7
相棒,寺脇康文,8
相棒,鑑識・米沢の事件簿,9
相棒,及川光博,10
相棒,及川光博,11
相棒,櫻井武晴,12
相棒,相棒(曖昧さ回避),13
相棒,益戸育江,14
相棒,山中崇史,15
相棒,相棒シリーズXDAY,16
相棒,山西惇,17
相棒,片桐竜次,18
相棒,杉下右京の事件簿,19
相棒,大谷亮介,20
相棒,前沢保美,21
相棒,戸田山雅司,22
相棒,和泉聖治,23
相棒,神保悟志,24
相棒,Category:相棒,25
相棒,輿水泰弘,26
相棒,志水正義,27
相棒,松本基弘,28
相棒,砂本量,29
相棒,六角精児,30
相棒,小野了,31
相棒,吉満涼太,32
相棒,水谷妃里,33
相棒,水谷豊,34
相棒,近藤俊明,35
相棒,テレビ朝日水曜21時枠刑事ドラマ,36
相棒,深沢敦,37
相棒,小出ミカ,38
相棒,太田愛,39
相棒,原田龍二,40
相棒,警視庁捜査一課9係,41
相棒,杉下右京の冒険,42
相棒,成宮寛貴,43
相棒,七森美江,44
相棒,古沢良太,45
相棒,大和田健介,46
相棒,須藤泰司,47
相棒,ノート:相棒/過去ログ1,48
相棒,F.B.EYE!!相棒犬リーと女性捜査官スーの感動!事件簿-,49
相棒,岸部一徳,50
NARUTO,NARUTO-ナルト-,1
NARUTO,NARUTO-ナルト-(アニメ),2
NARUTO,NARUTO-ナルト-の登場人物,3
NARUTO,NARUTO-ナルト-疾風伝,4
NARUTO,NARUTO-ナルト-(ゲーム),5
NARUTO,NARUTO-ナルト-(ラジオ),6
NARUTO,NARUTO-ナルト-のディスコグラフィ,7
NARUTO,NARUTO-ナルト-の術,8
NARUTO,うずまきナルト,9
NARUTO,暁(NARUTO),10
NARUTO,自来也(NARUTO),11
NARUTO,NARUTO-ナルト-のディスコグラフィ,12
NARUTO,大蛇丸(NARUTO),13
NARUTO,綱手(NARUTO),14
NARUTO,NARUTO-ナルト-疾風伝激闘忍者大戦!EX,15
NARUTO,サイ(NARUTO),16
NARUTO,NARUTO-ナルト-ナルティメットヒーロー,17
NARUTO,うちはサスケ,18
NARUTO,劇場版NARUTO-ナルト-疾風伝,19
NARUTO,薬師カブト,20
NARUTO,劇場版NARUTO-ナルト-疾風伝絆,21
NARUTO,口寄せの術,22
NARUTO,NARUTO-ナルト-激闘忍者大戦!,23
NARUTO,テマリ,24
NARUTO,はたけカカシ,25
NARUTO,カンクロウ,26
NARUTO,劇場版NARUTO-ナルト-大活劇!雪姫忍法帖だってばよ,27
NARUTO,奈良シカマル,28
NARUTO,波風ミナト,29
NARUTO,ロック・リーの青春フルパワー忍伝,30
NARUTO,ヤマト(NARUTO),31
NARUTO,火影,32
NARUTO,春野サクラ,33
NARUTO,ノート:暁(NARUTO),34
NARUTO,劇場版NARUTO-ナルト-疾風伝火の意志を継ぐ者,35
NARUTO,岸本斉史,36
NARUTO,テンテン,37
NARUTO,Akeboshi,38
NARUTO,劇場版NARUTO-ナルト-大激突!幻の地底遺跡だってばよ,39
NARUTO,劇場版NARUTO-ナルト-疾風伝ザ・ロストタワー,40
NARUTO,秋道チョウジ,41
NARUTO,劇場版NARUTO-ナルト-大興奮!みかづき島のアニマル騒動,42
NARUTO,猿飛アスマ,43
NARUTO,血継限界,44
NARUTO,ROADTONINJA-NARUTOTHEMOVIE-,45
NARUTO,中村千絵,46
NARUTO,ノート:綱手(NARUTO),47
NARUTO,夕日紅,48
NARUTO,ノート:NARUTO-ナルト-,49
NARUTO,日向ネジ,50
dqn,DQN,1
dqn,DQNネーム,2
dqn,ドキュン,3
dqn,ノート:DQN,4
dqn,玄倉川水難事故,5
dqn,VIPカー,6
dqn,目撃!ドキュン,7
dqn,DQ,8
dqn,悪魔ちゃん命名騒動,9
dqn,森長可,10
dqn,中二病,11
dqn,ブラック企業,12
dqn,ノート:DQNネーム,13
dqn,西友偽装肉返金事件,14
dqn,野崎渚,15
dqn,ドラゴンクエストIX星空の守り人,16
dqn,ブラック企業大賞,17
dqn,ブラック・エンジェルズ,18
dqn,岐阜中2少女殺害事件,19
dqn,鉄道ファン,20
dqn,教育困難校,21
dqn,よさこい祭り,22
dqn,ジョーイ・バートン,23
dqn,森勇介,24
dqn,富田長繁,25
dqn,モンスターペイシェント,26
dqn,ピーターパン症候群,27
dqn,ギャル男,28
dqn,DQS,29
dqn,アイアムアヒーロー,30
dqn,Brfxxccxxmnpcccclllmmnprxvclmnckssqlbb11116,31
dqn,ブラックリスト,32
dqn,インド人の名前,33
dqn,進学研究会,34
dqn,Wikipedia,35
dqn,松本走り,36
dqn,ジェームズ・ポッター,37
dqn,良和ハウス,38
dqn,ヤンキー(不良少年),39
dqn,Wikipedia,40
dqn,ホビット,41
dqn,チャヴ,42
dqn,フィリップ・メクセス,43
dqn,播磨道交法,44
dqn,ノーブレーキピスト,45
dqn,原級留置,46
dqn,かきふらい,47
dqn,乳首ピアス,48
dqn,日本ウェルスマネジメント,49
dqn,埼玉県立鶴ヶ島清風高等学校,50
関ジャニ∞,関ジャニ∞,1
関ジャニ∞,関ジャニ∞のジャニ勉,2
関ジャニ∞,関ジャニの仕分け∞,3
関ジャニ∞,冒険JAPAN!関ジャニ∞MAP,4
関ジャニ∞,47(関ジャニ∞),5
関ジャニ∞,PUZZLE(関ジャニ∞のアルバム),6
関ジャニ∞,ER(関ジャニ∞の曲),7
関ジャニ∞,大倉忠義,8
関ジャニ∞,村上信五,9
関ジャニ∞,丸山隆平,10
関ジャニ∞,マイホーム(関ジャニ∞の曲),11
関ジャニ∞,GIFT(関ジャニ∞のシングル),12
関ジャニ∞,関ジャニ戦隊∞レンジャー,13
関ジャニ∞,裏ジャニ,14
関ジャニ∞,横山裕,15
関ジャニ∞,8UPPERS,16
関ジャニ∞,渋谷すばる,17
関ジャニ∞,安田章大,18
関ジャニ∞,8EST,19
関ジャニ∞,ツブサニコイ,20
関ジャニ∞,レコメン!,21
関ジャニ∞,関ジャニ∞渋谷すばるのスバラジ,22
関ジャニ∞,関ジャニ∞青春ドラマシリーズ,23
関ジャニ∞,Can!ジャニ,24
関ジャニ∞,錦戸亮,25
関ジャニ∞,KANJANI∞五大ドームTOUREIGHT×EIGHTERおもん,26
関ジャニ∞,内博貴,27
関ジャニ∞,KANJANI∞LIVETOUR2010→20118UPPERS,28
関ジャニ∞,関パニ,29
関ジャニ∞,関ジャニ∞大倉忠義日曜日好っきゃねん,30
関ジャニ∞,関ジャニ∞大倉忠義日曜日好っきゃねん,31
関ジャニ∞,WonderfulWorld!!(関ジャニ∞の曲),32
関ジャニ∞,ワッハッハー,33
関ジャニ∞,KJ2ズッコケ大脱走,34
関ジャニ∞,ズッコケ男道,35
関ジャニ∞,KANJANI∞LIVETOUR!!8EST〜みんなの想いはどうなんだい,36
関ジャニ∞,無責任ヒーロー,37
関ジャニ∞,ひびき(関ジャニ∞の曲),38
関ジャニ∞,LIFE〜目の前の向こうへ〜,39
関ジャニ∞,ほんじゃに!,40
関ジャニ∞,愛でした。,41
関ジャニ∞,KANJANI∞LIVETOURJUKEBOX,42
関ジャニ∞,ファイト,43
関ジャニ∞,Category:関ジャニ∞,44
関ジャニ∞,ジャニーズ事務所,45
関ジャニ∞,それゆけ!ダイダマン,46
関ジャニ∞,365日家族,47
関ジャニ∞,関ジャニの男前を目指せ!,48
関ジャニ∞,関風ファイティング,49
関ジャニ∞,あおっぱな,50
ももいろクローバーZ,ももいろクローバーZ,1
ももいろクローバーZ,ももいろクローバーZももクロくらぶxoxo,2
ももいろクローバーZ,百田夏菜子,3
ももいろクローバーZ,Z女戦争,4
ももいろクローバーZ,ももいろクローバーZ春の一大事2013西武ドーム大会-,5
ももいろクローバーZ,有安杏果,6
ももいろクローバーZ,Category:ももいろクローバーZ,7
ももいろクローバーZ,ももいろクローバーZJAPANTOUR2013「GOUNN」-,8
ももいろクローバーZ,5THDIMENSION,9
ももいろクローバーZ,早見あかり,10
ももいろクローバーZ,早見あかり,11
ももいろクローバーZ,高城れに,12
ももいろクローバーZ,玉井詩織,13
ももいろクローバーZ,佐々木彩夏,14
ももいろクローバーZ,Z伝説〜終わりなき革命〜,15
ももいろクローバーZ,クリスマスドラマ天使とジャンプ,16
ももいろクローバーZ,ももクロ★オールスターズ2012,17
ももいろクローバーZ,ももいろクローバーZJAPANTOUR2013「5THDIMENSION,18
ももいろクローバーZ,シロメ,19
ももいろクローバーZ,ももクロChan〜MomoiroCloverZChannel〜,20
ももいろクローバーZ,バトルアンドロマンス,21
ももいろクローバーZ,ももいろパンチ,22
ももいろクローバーZ,労働讃歌,23
ももいろクローバーZ,前山田健一,24
ももいろクローバーZ,僕等のセンチュリー,25
ももいろクローバーZ,ももプロZ,26
ももいろクローバーZ,ももクロ式見学ガイドもも見!!,27
ももいろクローバーZ,行くぜっ!怪盗少女,28
ももいろクローバーZ,藤白すみれ,29
ももいろクローバーZ,猛烈宇宙交響曲・第七楽章「無限の愛」,30
ももいろクローバーZ,白い風,31
ももいろクローバーZ,ももいろクリスマスin日本青年館〜脱皮:DAPPI〜,32
ももいろクローバーZ,Template:ももいろクローバーZ,33
ももいろクローバーZ,ももクロ夏のバカ騒ぎSUMMERDIVE2012西武ドーム大会,34
ももいろクローバーZ,入口のない出口,35
ももいろクローバーZ,ももクロ春の一大事2012〜横浜アリーナまさかの2DAYS,36
ももいろクローバーZ,4.10中野サンプラザ大会ももクロ春の一大事〜眩しさの中に,37
ももいろクローバーZ,サラバ、愛しき悲しみたちよ,38
ももいろクローバーZ,ももいろクローバーZJAPANTOUR2013,39
ももいろクローバーZ,柏幸奈,40
ももいろクローバーZ,ももクロ夏のバカ騒ぎWORLDSUMMERDIVE2013.8.4日産,41
ももいろクローバーZ,ピンキージョーンズ,42
ももいろクローバーZ,ももいろクリスマス2012〜さいたまスーパーアリーナ大会,43
ももいろクローバーZ,ほもいろクローバーZ,44
ももいろクローバーZ,Category:ももいろクローバーZのメンバー,45
ももいろクローバーZ,サマーダイブ2011極楽門からこんにちは,46
ももいろクローバーZ,Category:ももいろクローバーZの楽曲,47
ももいろクローバーZ,きみゆき,48
ももいろクローバーZ,D'の純情,49
ももいろクローバーZ,ももクロ秋の2大祭り「男祭り2011」「女祭り2011」-,50
2012年人類滅亡説,2012年人類滅亡説,1
2012年人類滅亡説,人類滅亡,2
2012年人類滅亡説,2012年問題,3
2012年人類滅亡説,フォトンベルト,4
2012年人類滅亡説,ドゥームズデー・カルト,5
2012年人類滅亡説,2012(映画),6
2012年人類滅亡説,世界謎学アカデミーワンダー☆クエスト,7
2012年人類滅亡説,マヤ文明,8
2012年人類滅亡説,ノストラダムスの大予言,9
2012年人類滅亡説,恐怖の大王,10
2012年人類滅亡説,終末論,11
2012年人類滅亡説,Category:マヤ暦,12
2012年人類滅亡説,ギャラリーカウンタック,13
2012年人類滅亡説,ノストラダムスの予言,14
2012年人類滅亡説,世界終末時計,15
2012年人類滅亡説,2012年,16
2012年人類滅亡説,カール・コールマン,17
2012年人類滅亡説,人類の進化,18
2012年人類滅亡説,ノート:五島勉,19
2012年人類滅亡説,Category:2012年,20
2012年人類滅亡説,全能神,21
2012年人類滅亡説,グラハム・ハンコック,22
2012年人類滅亡説,ポールシフト,23
2012年人類滅亡説,死亡フラグが立ちました!カレーde人類滅亡?!殺人事件-,24
2012年人類滅亡説,Category:否定された仮説,25
2012年人類滅亡説,長期暦,26
2012年人類滅亡説,GMT対照法,27
2012年人類滅亡説,ドゥームズデイ,28
2012年人類滅亡説,Category:終末論,29
2012年人類滅亡説,人類は衰退しました,30
2012年人類滅亡説,五島勉,31
2012年人類滅亡説,復活の日,32
2012年人類滅亡説,バクトゥン,33
2012年人類滅亡説,Category:ニューエイジ,34
2012年人類滅亡説,ジョン・タイター,35
2012年人類滅亡説,GentooLinux,36
2012年人類滅亡説,ぜったい中出し警報!-中出ししないと人類滅亡!?-,37
2012年人類滅亡説,邪教,38
2012年人類滅亡説,惑星X,39
2012年人類滅亡説,ヒト型爬虫類,40
2012年人類滅亡説,第三次世界大戦,41
2012年人類滅亡説,Category:疑似科学,42
2012年人類滅亡説,文明,43
2012年人類滅亡説,絶滅した動物一覧,44
2012年人類滅亡説,終末もの,45
2012年人類滅亡説,やりすぎ都市伝説,46
2012年人類滅亡説,文明崩壊(書籍),47
2012年人類滅亡説,マンモス,48
2012年人類滅亡説,氷河期,49
2012年人類滅亡説,太陽フレア,50
日本,日本,1
日本,サッカー日本代表,2
日本,日本列島,3
日本,大日本帝国,4
日本,日本の歴史,5
日本,元号一覧(日本),6
日本,日本軍,7
日本,日本アイ・ビー・エム,8
日本,日本語,9
日本,日本の仏教,10
日本,新党日本,11
日本,バレーボール全日本女子,12
日本,日本映画,13
日本,連合国軍占領下の日本,14
日本,日本の漫画家一覧,15
日本,日本料理,16
日本,2009年の日本,17
日本,日本プロ野球,18
日本,野球日本代表,19
日本,Category:日本,20
日本,日本の国旗,21
日本,日本の世界遺産,22
日本,日本テレビ放送網,23
日本,日本の文化,24
日本,日本の鉄道,25
日本,日本生命保険,26
日本,日本サッカー協会,27
日本,日本グランプリ(4輪),28
日本,Portal:日本,29
日本,日本海,30
日本,日本の漫画作品一覧,31
日本,日本の国際関係,32
日本,日本三景,33
日本,株式会社(日本),34
日本,ヤマトタケル,35
日本,バレーボール全日本男子,36
日本,日本の経済,37
日本,日本株式会社,38
日本,日本の学会一覧,39
日本,北京オリンピック日本選手団,40
日本,日本の便所,41
日本,日本代表,42
日本,日本のサッカー,43
日本,日本の教育,44
日本,日本電気,45
日本,国内総生産,46
日本,日本標準時,47
日本,第二次世界大戦,48
日本,日本野球機構,49
日本,日本写真史,50
発達障害,発達障害,1
発達障害,広汎性発達障害,2
発達障害,大人の発達障害,3
発達障害,学習障害,4
発達障害,知的障害,5
発達障害,特定不能の広汎性発達障害,6
発達障害,発達障害者支援法,7
発達障害,自閉症,8
発達障害,療育手帳,9
発達障害,アスペルガー症候群,10
発達障害,Category:発達障害,11
発達障害,言語障害,12
発達障害,発達心理学,13
発達障害,自閉症スペクトラム,14
発達障害,ノート:広汎性発達障害,15
発達障害,注意欠陥・多動性障害,16
発達障害,発達検査,17
発達障害,特別支援教育,18
発達障害,認知障害,19
発達障害,障害者,20
発達障害,協調運動障害,21
発達障害,日本発達障害ネットワーク,22
発達障害,情緒障害,23
発達障害,ノート:発達障害,24
発達障害,障害を扱った作品の一覧,25
発達障害,PDD,26
発達障害,星野仁彦,27
発達障害,パニック障害,28
発達障害,ディスレクシア,29
発達障害,注意欠陥・多動性障害,30
発達障害,成長障害,31
発達障害,ハイパーレクシア,32
発達障害,不安障害,33
発達障害,重複障害,34
発達障害,運動障害,35
発達障害,行為障害,36
発達障害,精神障害者保健福祉手帳,37
発達障害,適応障害,38
発達障害,愛着障害,39
発達障害,支援教育を行う普通学校,40
発達障害,知能検査,41
発達障害,強迫性障害,42
発達障害,トゥレット障害,43
発達障害,Category:発達障害を扱った作品,44
発達障害,通級,45
発達障害,障害,46
発達障害,境界性パーソナリティ障害,47
発達障害,感覚統合療法,48
発達障害,ノート:軽度発達障害,49
発達障害,発達課題,50
fx,FX,1
fx,外国為替証拠金取引,2
fx,AMDFX,3
fx,PC-FX,4
fx,外国為替,5
fx,トヨタ・カローラFX,6
fx,F-X(航空自衛隊),7
fx,FX(テレビ局),8
fx,FXシステム,9
fx,F-X,10
fx,インフィニティ・FX,11
fx,AMDFX,12
fx,超電動ロボ鉄人28号FX,13
fx,FXプライムbyGMO,14
fx,PC-FXのゲームタイトル一覧,15
fx,カワサキ・Z750FX,16
fx,NVIDIAQuadro,17
fx,マネックスFX,18
fx,カワサキ・Z400FX,19
fx,35mmフルサイズ,20
fx,ヤマハ・MJ-FX,21
fx,FX-05,22
fx,外為オンライン,23
fx,FXキング,24
fx,FX-602P,25
fx,ミセスワタナベ,26
fx,FX-603P,27
fx,システムトレード,28
fx,インヴァスト証券,29
fx,FX-502P,30
fx,PC-FXGA,31
fx,IronFX,32
fx,カワサキ・ZFX,33
fx,Athlon64FX,34
fx,FXトレーディングシステムズ,35
fx,くりっく365,36
fx,Bulldozer(マイクロアーキテクチャ),37
fx,スーパーFXチップ,38
fx,NOFX,39
fx,フォレックス・トレード,40
fx,外為どっとコム,41
fx,デイトレード,42
fx,ひまわり証券,43
fx,FXザ・シリーズ,44
fx,プログラム電卓,45
fx,ポケットコンピュータの製品一覧,46
fx,電卓の一覧,47
fx,CMSジャパン,48
fx,FX型デジタル分光相関器,49
fx,外為ジャパン,50
HUNTER×HUNTER,HUNTER×HUNTER,1
HUNTER×HUNTER,HUNTER×HUNTER(2011年のアニメ),2
HUNTER×HUNTER,HUNTER×HUNTER(1999年のアニメ),3
HUNTER×HUNTER,HUNTER×HUNTERの登場人物,4
HUNTER×HUNTER,HUNTER〜その女たち、賞金稼ぎ〜,5
HUNTER×HUNTER,劇場版HUNTER×HUNTER緋色の幻影,6
HUNTER×HUNTER,ハンター,7
HUNTER×HUNTER,ノート:HUNTER×HUNTER,8
HUNTER×HUNTER,Hunter(アダルトビデオ),9
HUNTER×HUNTER,劇場版HUNTER×HUNTER-TheLASTMISSION-,10
HUNTER×HUNTER,ゾルディック家,11
HUNTER×HUNTER,冨樫義博,12
HUNTER×HUNTER,ゴン＝フリークス,13
HUNTER×HUNTER,ハンター(映画),14
HUNTER×HUNTER,幻影旅団,15
HUNTER×HUNTER,シティーハンター,16
HUNTER×HUNTER,Category:HUNTER×HUNTER,17
HUNTER×HUNTER,グリードアイランド,18
HUNTER×HUNTER,ホーカーハンター,19
HUNTER×HUNTER,シティーハンター(アニメ),20
HUNTER×HUNTER,ディア・ハンター,21
HUNTER×HUNTER,NOTTREASUREHUNTER,22
HUNTER×HUNTER,ハンター(バイオハザードシリーズ),23
HUNTER×HUNTER,ジョン・ハンター(海軍軍人),24
HUNTER×HUNTER,SilentHunterシリーズ,25
HUNTER×HUNTER,departure!,26
HUNTER×HUNTER,ハンター地域,27
HUNTER×HUNTER,トリー・ハンター,28
HUNTER×HUNTER,Template:HUNTER×HUNTER,29
HUNTER×HUNTER,ハンター・ヘイズ,30
HUNTER×HUNTER,Keno,31
HUNTER×HUNTER,ノート:劇場版HUNTER×HUNTER緋色の幻影,32
HUNTER×HUNTER,エドワード・ハズレット・ハンター,33
HUNTER×HUNTER,キャットフィッシュ・ハンター,34
HUNTER×HUNTER,バウンティー・ハンター(映画),35
HUNTER×HUNTER,ジョン・ハンター(外科医),36
HUNTER×HUNTER,WitchHunterROBIN,37
HUNTER×HUNTER,トミー・ハンター,38
HUNTER×HUNTER,ハンター(2011年の映画),39
HUNTER×HUNTER,潘めぐみ,40
HUNTER×HUNTER,ビスケ,41
HUNTER×HUNTER,ホリー・ハンター,42
HUNTER×HUNTER,ハンター・ペンス,43
HUNTER×HUNTER,吸血鬼ハンターD,44
HUNTER×HUNTER,ノート:HUNTER×HUNTER(2011年のアニメ),45
HUNTER×HUNTER,ドリームハンター麗夢,46
HUNTER×HUNTER,ジェフリー・ハンター,47
HUNTER×HUNTER,バイオ・ハンター,48
HUNTER×HUNTER,巨乳ハンター,49
HUNTER×HUNTER,ハンゾウ,50
新世紀エヴァンゲリオン,新世紀エヴァンゲリオンの登場人物,1
新世紀エヴァンゲリオン,新世紀エヴァンゲリオン(ゲーム),2
新世紀エヴァンゲリオン,ヱヴァンゲリヲン新劇場版,3
新世紀エヴァンゲリオン,新世紀エヴァンゲリオン(セガサターン),4
新世紀エヴァンゲリオン,新世紀エヴァンゲリオン(パチスロ),5
新世紀エヴァンゲリオン,使徒(新世紀エヴァンゲリオン),6
新世紀エヴァンゲリオン,新世紀エヴァンゲリオン(NINTENDO64),7
新世紀エヴァンゲリオン,新世紀エヴァンゲリオンの用語一覧,8
新世紀エヴァンゲリオン,新世紀エヴァンゲリオン鋼鉄のガールフレンド,9
新世紀エヴァンゲリオン,CR新世紀エヴァンゲリオン,10
新世紀エヴァンゲリオン,新世紀エヴァンゲリオン鋼鉄のガールフレンド,11
新世紀エヴァンゲリオン,CR新世紀エヴァンゲリオン,12
新世紀エヴァンゲリオン,新世紀エヴァンゲリオン2,13
新世紀エヴァンゲリオン,新世紀エヴァンゲリオン劇場版Air/まごころを、君に-,14
新世紀エヴァンゲリオン,新世紀エヴァンゲリオンバトルオーケストラ,15
新世紀エヴァンゲリオン,新世紀エヴァンゲリオン〜約束の時〜,16
新世紀エヴァンゲリオン,新世紀エヴァンゲリオン劇場版シト新生,17
新世紀エヴァンゲリオン,CR新世紀エヴァンゲリオン〜使徒、再び〜,18
新世紀エヴァンゲリオン,エヴァンゲリオン(架空の兵器),19
新世紀エヴァンゲリオン,ヱヴァンゲリヲン新劇場版:Q,20
新世紀エヴァンゲリオン,新世紀エヴァンゲリオン〜魂の軌跡〜,21
新世紀エヴァンゲリオン,新世紀エヴァンゲリオン碇シンジ育成計画(漫画),22
新世紀エヴァンゲリオン,新世紀エヴァンゲリオン鋼鉄のガールフレンド2nd,23
新世紀エヴァンゲリオン,新世紀エヴァンゲリオン綾波育成計画,24
新世紀エヴァンゲリオン,CR新世紀エヴァンゲリオン・セカンドインパクト,25
新世紀エヴァンゲリオン,新世紀エヴァンゲリオン碇シンジ育成計画,26
新世紀エヴァンゲリオン,新世紀エヴァンゲリオン〜まごころを、君に〜,27
新世紀エヴァンゲリオン,Category:新世紀エヴァンゲリオン,28
新世紀エヴァンゲリオン,CR新世紀エヴァンゲリオン〜最後のシ者〜,29
新世紀エヴァンゲリオン,エヴァンゲリオン,30
新世紀エヴァンゲリオン,新世紀エヴァンゲリオンRPG,31
新世紀エヴァンゲリオン,新世紀エヴァンゲリオン2ndImpression,32
新世紀エヴァンゲリオン,新世紀エヴァンゲリオンタイピング補完計画,33
新世紀エヴァンゲリオン,新世紀エヴァンゲリオンシト育成,34
新世紀エヴァンゲリオン,新世紀エヴァンゲリオンエヴァと愉快な仲間たち,35
新世紀エヴァンゲリオン,新世紀エヴァンゲリオンデジタル・カード・ライブラリ-,36
新世紀エヴァンゲリオン,ヱヴァンゲリヲン新劇場版:序,37
新世紀エヴァンゲリオン,CR新世紀エヴァンゲリオン〜奇跡の価値は〜,38
新世紀エヴァンゲリオン,Category:新世紀エヴァンゲリオンの音楽,39
新世紀エヴァンゲリオン,新世紀エヴァンゲリオンの登場兵器一覧,40
新世紀エヴァンゲリオン,新世紀エヴァンゲリオンの登場兵器一覧,41
新世紀エヴァンゲリオン,渚カヲル,42
新世紀エヴァンゲリオン,ノート:新世紀エヴァンゲリオンの登場人物,43
新世紀エヴァンゲリオン,エヴァンゲリオンANIMA,44
新世紀エヴァンゲリオン,新世紀エヴァンゲリオン学園堕天録,45
新世紀エヴァンゲリオン,Template:新世紀エヴァンゲリオン,46
新世紀エヴァンゲリオン,カルビーポテトチップス新世紀エヴァンゲリオン,47
新世紀エヴァンゲリオン,惣流・アスカ・ラングレー,48
新世紀エヴァンゲリオン,碇シンジ,49
新世紀エヴァンゲリオン,エヴァ,50
嵐,嵐(グループ),1
嵐,嵐,2
嵐,嵐(駆逐艦),3
嵐,大野智,4
嵐,二宮和也,5
嵐,Dの嵐!,6
嵐,変身忍者嵐,7
嵐,真夜中の嵐,8
嵐,Gの嵐!,9
嵐,櫻井翔,10
嵐,嵐・相葉雅紀のレコメン!アラシリミックス,11
嵐,嵐ヨシユキ,12
嵐,VS嵐,13
嵐,相葉雅紀,14
嵐,Popcorn,15
嵐,嵐にしやがれ,16
嵐,嵐の宿題くん,17
嵐,果てない空,18
嵐,まごまご嵐,19
嵐,Monster(嵐の曲),20
嵐,ARASHIアラフェスNATIONALSTADIUM2012,21
嵐,高木功,22
嵐,Troublemaker,23
嵐,嵐が丘,24
嵐,嵐作戦,25
嵐,ARASHILIVETOURPopcorn,26
嵐,LøveRainbow,27
嵐,LOVE(嵐のアルバム),28
嵐,アオゾラペダル,29
嵐,松本潤,30
嵐,ひみつの嵐ちゃん!,31
嵐,マイガール(嵐の曲),32
嵐,One(嵐のアルバム),33
嵐,A・RA・SHI,34
嵐,スッピンアラシ,35
嵐,迷宮ラブソング,36
嵐,嵐CHALLENGE★week,37
嵐,Time(嵐のアルバム),38
嵐,PIKA☆NCHI,39
嵐,Cの嵐!,40
嵐,Cの嵐!,41
嵐,太陽嵐,42
嵐,ゲームセンターあらし,43
嵐,ARASHIISALIVE!,44
嵐,Vの嵐,45
嵐,嵐(曖昧さ回避),46
嵐,ARASHINo.1〜嵐は嵐を呼ぶ〜,47
嵐,ARASHIAROUNDASIA+inDOME,48
嵐,明日の記憶/CrazyMoon〜キミ・ハ・ムテキ〜,49
嵐,OneLove(嵐の曲),50
sns,ソーシャル・ネットワーキング・サービス,1
sns,SNS,2
sns,ソーシャル・ネットワーキング・サービスの一覧,3
sns,SNS(株式会社),4
sns,ソーシャル・ネットワーク(映画),5
sns,Facebook,6
sns,ソーシャルゲーム,7
sns,ショートメッセージサービス,8
sns,非モテSNS,9
sns,Twitter,10
sns,GREE,11
sns,Filn,12
sns,位置情報SNS,13
sns,サイワールド,14
sns,ally(SNS),15
sns,ソーシャルメディア,16
sns,Yammer,17
sns,インスタグラム,18
sns,NaviSL,19
sns,Bebo,20
sns,Bebo,21
sns,Ning,22
sns,ネットいじめ,23
sns,VK(SNS),24
sns,Cure(SNS),25
sns,OpenPNE,26
sns,Myspace,27
sns,COLORS(SNS),28
sns,炎上(ネット用語),29
sns,エジプト革命(2011年),30
sns,Joga(SNS),31
sns,Yahoo!Days,32
sns,LinkedIn,33
sns,硫化スズ,34
sns,ノート:ソーシャル・ネットワーキング・サービス,35
sns,サイバーストーカー,36
sns,MaterialSNSfg,37
sns,社会的ネットワーク,38
sns,Serend,39
sns,出会い系サイト,40
sns,出会い系サイト,41
sns,六次の隔たり,42
sns,ソーシャルボタン,43
sns,グリー(企業),44
sns,堀江貴文,45
sns,Myu(SNS),46
sns,PiXA,47
sns,ガイアックス,48
sns,VK(SNS),49
sns,Gocco,50
ONEPIECE登場人物一覧,ONEPIECEの登場人物一覧,1
ONEPIECE登場人物一覧,ONEPIECEの登場人物一覧/log,2
ONEPIECE登場人物一覧,ノート:ONEPIECEの登場人物一覧,3
ONEPIECE登場人物一覧,Category:ONEPIECEの登場人物,4
ONEPIECE登場人物一覧,海賊(ONEPIECE),5
ONEPIECE登場人物一覧,ONEPIECE(アニメ),6
ONEPIECE登場人物一覧,海軍(ONEPIECE),7
ONEPIECE登場人物一覧,ナミ(ONEPIECE),8
ONEPIECE登場人物一覧,トニートニー・チョッパー,9
ONEPIECE登場人物一覧,空島(ONEPIECE),10
ONEPIECE登場人物一覧,空島(ONEPIECE),11
ONEPIECE登場人物一覧,ブルック(ONEPIECE),12
ONEPIECE登場人物一覧,ONEPIECEの用語一覧,13
ONEPIECE登場人物一覧,フランキー(ONEPIECE),14
ONEPIECE登場人物一覧,ONEPIECE麦わら劇場,15
ONEPIECE登場人物一覧,アラバスタ王国,16
ONEPIECE登場人物一覧,ONEPIECEFILMZ,17
ONEPIECE登場人物一覧,ノート:ONEPIECEの用語一覧,18
ONEPIECE登場人物一覧,インペルダウン,19
ONEPIECE登場人物一覧,ONEPIECE(アニメ)のエピソード一覧,20
ONEPIECE登場人物一覧,ONEPIECEFILMSTRONGWORLD,21
ONEPIECE登場人物一覧,ガンダムシリーズの登場人物一覧,22
ONEPIECE登場人物一覧,銀魂の登場人物一覧,23
ONEPIECE登場人物一覧,ノート:銀魂の登場人物一覧,24
ONEPIECE登場人物一覧,ONEPIECE(2000年の映画),25
ONEPIECE登場人物一覧,悪魔の実,26
ONEPIECE登場人物一覧,ONEPIECE珍獣島のチョッパー王国,27
ONEPIECE登場人物一覧,ONEPIECEエピソードオブルフィ〜ハンドアイランドの冒,28
ONEPIECE登場人物一覧,ONEPIECE3D麦わらチェイス,29
ONEPIECE登場人物一覧,ONEPIECEエピソードオブアラバスタ砂漠の王女と海賊た,30
ONEPIECE登場人物一覧,ONEPIECEの地理,31
ONEPIECE登場人物一覧,クレヨンしんちゃんの登場人物一覧,32
ONEPIECE登場人物一覧,Category:アニメの登場人物の一覧,33
ONEPIECE登場人物一覧,ONEPIECEロマンスドーンストーリー,34
ONEPIECE登場人物一覧,ONEPIECEエピソードオブナミ〜航海士の涙と仲間の絆,35
ONEPIECE登場人物一覧,ONEPIECEねじまき島の冒険,36
ONEPIECE登場人物一覧,ONEPIECETHEMOVIEエピソードオブチョッパー+冬に咲,37
ONEPIECE登場人物一覧,ONEPIECEとびだせ海賊団!,38
ONEPIECE登場人物一覧,ONEPIECEの世界における年表,39
ONEPIECE登場人物一覧,WANTED!尾田栄一郎短編集,40
ONEPIECE登場人物一覧,Category:ゲームの登場人物の一覧,41
ONEPIECE登場人物一覧,ONEPIECETHEMOVIEデッドエンドの冒険,42
ONEPIECE登場人物一覧,ONEPIECETHEMOVIEオマツリ男爵と秘密の島,43
ONEPIECE登場人物一覧,Category:漫画の登場人物の一覧,44
ONEPIECE登場人物一覧,ONEPIECEギガントバトル!2新世界,45
ONEPIECE登場人物一覧,CROSSEPOCH,46
ONEPIECE登場人物一覧,Category:らんま1/2の登場人物,47
ONEPIECE登場人物一覧,架空のものの一覧の一覧,48
ONEPIECE登場人物一覧,ワンピース時代劇,49
ONEPIECE登場人物一覧,聖書の登場人物の一覧,50
ONEOKROCK,ONEOKROCK,1
ONEOKROCK,森田貴寛,2
ONEOKROCK,TheBeginning(ONEOKROCKの曲),3
ONEOKROCK,ゼイタクビョウ,4
ONEOKROCK,残響リファレンス,5
ONEOKROCK,Nicheシンドローム,6
ONEOKROCK,ノート:ONEOKROCK,7
ONEOKROCK,感情エフェクト,8
ONEOKROCK,努努-ゆめゆめ-,9
ONEOKROCK,Re:make/NOSCARED,10
ONEOKROCK,アンサイズニア,11
ONEOKROCK,“残響リファレンス”TOURinYOKOHAMAARENA,12
ONEOKROCK,ONEOKROCK2013“人生×君=”TOURLIVE&FILM,13
ONEOKROCK,完全感覚Dreamer,14
ONEOKROCK,人生×僕=,15
ONEOKROCK,Template:ONEOKROCK,16
ONEOKROCK,Aroundザworld少年,17
ONEOKROCK,THISISMYBUDOKAN?!2010.11.28,18
ONEOKROCK,小柳友,19
ONEOKROCK,エトセトラ(曲),20
ONEOKROCK,Category:ONEOKROCKのアルバム,21
ONEOKROCK,BEAMOFLIGHT,22
ONEOKROCK,ALEX(ファッションモデル),23
ONEOKROCK,Category:ONEOKROCKの楽曲,24
ONEOKROCK,世の中シュレッダー,25
ONEOKROCK,MightyLongFall/Decision,26
ONEOKROCK,内秘心書,27
ONEOKROCK,光芒,28
ONEOKROCK,DeeperDeeper/NothingHelps,29
ONEOKROCK,TAKA,30
ONEOKROCK,ミロクローゼ,31
ONEOKROCK,I.N.A,32
ONEOKROCK,エモ,33
ONEOKROCK,是永巧一,34
ONEOKROCK,森進一,35
ONEOKROCK,ROCKINJAPANFESTIVAL,36
ONEOKROCK,HEADS,37
ONEOKROCK,森内寛樹,38
ONEOKROCK,A-Sketch,39
ONEOKROCK,るろうに剣心(実写映画),40
ONEOKROCK,ノート:森田貴寛,41
ONEOKROCK,森昌子,42
ONEOKROCK,兵庫県立加古川西高等学校,43
ONEOKROCK,NEVERMINDTRIBUTE,44
ONEOKROCK,冬のリヴィエラ,45
ONEOKROCK,COUNTDOWNJAPAN,46
ONEOKROCK,ザ・ビギニング,47
ONEOKROCK,MUSICA,48
ONEOKROCK,ジョン・フェルドマン,49
ONEOKROCK,ライジング・サン・ロックフェスティバル,50
ローラ,ローラ(モデル),1
ローラ,ローラ,2
ローラ,ロラン・セアック,3
ローラ,ローラ・チャン,4
ローラ,ローラ・ダーン,5
ローラ,ローラ・カーズ,6
ローラ,ローラ・リニー,7
ローラ,ローラ(ドイツ),8
ローラ,ローラ・ブッシュ,9
ローラ,ローラ・インガルス・ワイルダー,10
ローラ,ロードローラー,11
ローラ,ローラ・ハリング,12
ローラ,ローラ・アシュレイ,13
ローラ,クローラ,14
ローラ,青山ローラ,15
ローラ,ローラー,16
ローラ,エローラ石窟群,17
ローラ,ローラーコンベア,18
ローラ,ローラ・ボー,19
ローラ,ローラ・モンテス,20
ローラ,ローラ殺人事件,21
ローラ,佐藤ローラ,22
ローラ,ローラ・ロブソン,23
ローラ,ローラ・ニーロ,24
ローラ,ローラ(小惑星),25
ローラ,ローラ・フレイザー,26
ローラ,ローラ・セコール,27
ローラ,ローラ・T810/日産,28
ローラ,傷だらけのローラ/西城秀樹,29
ローラ,ローラ・ハリス,30
ローラ,ラン・ローラ・ラン,31
ローラ,ローラ・T93/30,32
ローラ,傷だらけのローラ,33
ローラ,ローラ・B06/51,34
ローラ,ローラ・プレポン,35
ローラ,ALLORA,36
ローラ,ローラ・カユーテ,37
ローラ,ローラ・リップマン,38
ローラ,ローラ・ベナンティ,39
ローラ,草原の少女ローラ,40
ローラ,ローラ・イネス,41
ローラ,メリッサ・ギルバート,42
ローラ,ツイン・ピークス,43
ローラ,LEON・LOLA,44
ローラ,ローラ・タイソン,45
ローラ,バルテュス,46
ローラ,ローラ・ブラニガン,47
ローラ,ラルース(F1チーム),48
ローラ,ローラ・ボベスコ,49
ローラ,プローラ,50
アカウント,アカウント,1
アカウント,Wikipedia:FAQアカウント,2
アカウント,アカウント型保険,3
アカウント,アカウント(広告),4
アカウント,Googleアカウント,5
アカウント,垢,6
アカウント,ユーザーアカウント制御,7
アカウント,PSN,8
アカウント,アカ,9
アカウント,アカントアメーバ,10
アカウント,Wikipedia:多重アカウント,11
アカウント,Help:ログイン,12
アカウント,Wikipedia:チュートリアルアカウント登録,13
アカウント,Microsoftアカウント,14
アカウント,Wikipedia:多重アカウント/英語版20061130版,15
アカウント,アカウントアグリゲーション,16
アカウント,アサティス,17
アカウント,スーパーユーザー,18
アカウント,Wikipedia:利用案内/過去ログ/アカウント・ログイン,19
アカウント,Hotmail,20
アカウント,ノート:アカウント,21
アカウント,Wikipedia‐ノート:多重アカウント/ログ1,22
アカウント,Wikipedia:多重アカウント/改定案20110303,23
アカウント,Wikipedia:Bot,24
アカウント,Wikipedia‐ノート:多重アカウント,25
アカウント,Wikipedia‐ノート:多重アカウント/改定案20110303,26
アカウント,Wikipedia‐ノート:多重アカウント/ログ2,27
アカウント,Twitter,28
アカウント,Gmail,29
アカウント,iChat,30
アカウント,Wikipedia:コメント依頼/パワプロと多重が疑われるアカウント,31
アカウント,軟式企業,32
アカウント,リアルアカウント,33
アカウント,Template‐ノート:アカウント作成のお願い,34
アカウント,Wikipedia‐ノート:FAQアカウント,35
アカウント,Wikipedia:井戸端/subj/新規作成できないアカウント,36
アカウント,Template:アカウント作成のお願い,37
アカウント,Wikipedia:井戸端/subj/ログイン中に新規アカウントを作成す,38
アカウント,EAS,39
アカウント,Wikipedia:コメント依頼/多重アカウントと思しきユーザー群,40
アカウント,Wikipedia:井戸端/subj/アカウント名と違う署名,41
アカウント,Wikipedia:井戸端/subj/ハッキングとアカウント乗っ取りへの,42
アカウント,Wikipedia:井戸端/subj/グローバルアカウント化されていない,43
アカウント,Vimeo,44
アカウント,Wikipedia:井戸端/subj/同名アカウントを削除の後、再取得可,45
アカウント,Wikipedia:ユーザーボックス/ウィキペディア/アカウント-,46
アカウント,Steam,47
アカウント,Category:井戸端の話題/多重アカウント,48
アカウント,Wikipedia:井戸端/subj/議論に参加する為にアカウントを取る,49
アカウント,Wikipedia:井戸端/subj/ブロック済ユーザーの多重アカウント,50
ジョジョの奇妙な冒険,ジョジョの奇妙な冒険,1
ジョジョの奇妙な冒険,ジョジョの奇妙な冒険(対戦型格闘ゲーム),2
ジョジョの奇妙な冒険,スタンド(ジョジョの奇妙な冒険),3
ジョジョの奇妙な冒険,ジョジョの奇妙な冒険(コンピュータRPG),4
ジョジョの奇妙な冒険,ファントムブラッド,5
ジョジョの奇妙な冒険,ディアボロ(ジョジョの奇妙な冒険),6
ジョジョの奇妙な冒険,ジョジョの奇妙な冒険オールスターバトル,7
ジョジョの奇妙な冒険,ダイヤモンドは砕けない,8
ジョジョの奇妙な冒険,ジョジョの奇妙な冒険黄金の旋風,9
ジョジョの奇妙な冒険,ストーンオーシャン,10
ジョジョの奇妙な冒険,ストーンオーシャン,11
ジョジョの奇妙な冒険,ジョジョの奇妙な冒険ファントムブラッド(アクションゲー,12
ジョジョの奇妙な冒険,恥知らずのパープルヘイズ-ジョジョの奇妙な冒険より--,13
ジョジョの奇妙な冒険,黄金の風,14
ジョジョの奇妙な冒険,ノート:ジョジョの奇妙な冒険,15
ジョジョの奇妙な冒険,スティール・ボール・ラン,16
ジョジョの奇妙な冒険,ジョジョ,17
ジョジョの奇妙な冒険,Category:ジョジョの奇妙な冒険の登場人物,18
ジョジョの奇妙な冒険,空条承太郎,19
ジョジョの奇妙な冒険,ジョセフ・ジョースター,20
ジョジョの奇妙な冒険,ジョセフ・ジョースター,21
ジョジョの奇妙な冒険,戦闘潮流,22
ジョジョの奇妙な冒険,ジャン＝ピエール・ポルナレフ,23
ジョジョの奇妙な冒険,ノート:スタンド(ジョジョの奇妙な冒険),24
ジョジョの奇妙な冒険,ジョジョの奇妙な冒険における年表,25
ジョジョの奇妙な冒険,ディオ・ブランドー,26
ジョジョの奇妙な冒険,Category:ジョジョの奇妙な冒険,27
ジョジョの奇妙な冒険,岸辺露伴,28
ジョジョの奇妙な冒険,ジョナサン・ジョースター,29
ジョジョの奇妙な冒険,エンリコ・プッチ,30
ジョジョの奇妙な冒険,エンリコ・プッチ,31
ジョジョの奇妙な冒険,ジョジョの奇妙な百人一首,32
ジョジョの奇妙な冒険,ジョルノ・ジョバァーナ,33
ジョジョの奇妙な冒険,ファントムブラッド,34
ジョジョの奇妙な冒険,Category:ジョジョの奇妙な冒険のスピンオフ作品,35
ジョジョの奇妙な冒険,JOJO'SBIZARREADVENTUREOVERHEAVEN,36
ジョジョの奇妙な冒険,TheBook,37
ジョジョの奇妙な冒険,ノート:ディアボロ(ジョジョの奇妙な冒険),38
ジョジョの奇妙な冒険,荒木飛呂彦,39
ジョジョの奇妙な冒険,東方仗助,40
ジョジョの奇妙な冒険,ロバート・E・O・スピードワゴン,41
ジョジョの奇妙な冒険,ultra-violence,42
ジョジョの奇妙な冒険,リサリサ,43
ジョジョの奇妙な冒険,ノート:ジョジョの奇妙な冒険オールスターバトル,44
ジョジョの奇妙な冒険,エニグマ,45
ジョジョの奇妙な冒険,ノート:ジョジョの奇妙な冒険(対戦型格闘ゲーム),46
ジョジョの奇妙な冒険,シュトロハイム,47
ジョジョの奇妙な冒険,イギー,48
ジョジョの奇妙な冒険,GROWNKIDZ/VOODOOKINGDOM,49
ジョジョの奇妙な冒険,ノート:ジョジョの奇妙な冒険未来への遺産,50
竹島,竹島(島根県),1
竹島,竹島,2
竹島,竹島(鹿児島県),3
竹島,竹島の日,4
竹島,竹島(宮城県),5
竹島,竹島問題,6
竹島,竹島一件,7
竹島,独島,8
竹島,竹島(熊本県),9
竹島,竹島外一島,10
竹島,竹島外一島,11
竹島,竹島水族館,12
竹島,竹島(山口県),13
竹島,竹島宏,14
竹島,李明博竹島上陸,15
竹島,竹島の碑,16
竹島,于山島,17
竹島,李承晩ライン,18
竹島,Category:竹島,19
竹島,ニホンアシカ,20
竹島,竹島問題外交交渉史,21
竹島,竹島抗議デモ,22
竹島,三島村,23
竹島,竹島紀元,24
竹島,ラスク書簡,25
竹島,独島警備隊,26
竹島,竹島一彦,27
竹島,独島義勇守備隊,28
竹島,竹島由夏,29
竹島,竹島事件,30
竹島,竹島事件,31
竹島,中井養三郎,32
竹島,独島は我が領土,33
竹島,国際司法裁判所,34
竹島,八百富神社,35
竹島,領土問題,36
竹島,独島の月,37
竹島,独島博物館,38
竹島,SCAPIN,39
竹島,石島(韓国),40
竹島,独島級揚陸艦,41
竹島,竹島知郁,42
竹島,竹島和幸,43
竹島,対馬島の日,44
竹島,尖閣諸島問題,45
竹島,三島村立竹島小中学校,46
竹島,安龍福,47
竹島,土肥隆一,48
竹島,日韓問題,49
竹島,竹島村,50
Kis-My-Ft2,Kis-My-Ft2,1
Kis-My-Ft2,祈り(Kis-My-Ft2の曲),2
Kis-My-Ft2,Kis-My-Ft2Kis-My-MiNTTourat東京ドーム2012.4.8-,3
Kis-My-Ft2,Kis-My-Ft2DebutTour2011EverybodyGoat横浜アリーナ,4
Kis-My-Ft2,Kis-My-1st,5
Kis-My-Ft2,北山宏光,6
Kis-My-Ft2,藤ヶ谷太輔,7
Kis-My-Ft2,玉森裕太,8
Kis-My-Ft2,EverybodyGo,9
Kis-My-Ft2,横尾渉,10
Kis-My-Ft2,Kis-My-Journey,11
Kis-My-Ft2,J'JKis-My-Ft2北山宏光ひとりぼっちインド横断バックパッ,12
Kis-My-Ft2,Wenevergiveup!,13
Kis-My-Ft2,二階堂高嗣,14
Kis-My-Ft2,Kis-My-Ftに逢えるdeShowvol.3at国立代々木第一体育館,15
Kis-My-Ft2,宮田俊哉,16
Kis-My-Ft2,J'sティーチャーKis-My-Ft2藤ヶ谷太輔極東ロシアを行く-,17
Kis-My-Ft2,キスマイBUSAIKU!?,18
Kis-My-Ft2,SHE!HER!HER!,19
Kis-My-Ft2,MyResistance-タシカナモノ-/運命Girl,20
Kis-My-Ft2,Category:Kis-My-Ft2の楽曲,21
Kis-My-Ft2,アイノビート,22
Kis-My-Ft2,Kis-My-Ftに逢えるdeShow,23
Kis-My-Ft2,Goodいくぜ!,24
Kis-My-Ft2,FIREBEAT,25
Kis-My-Ft2,WANNABEEEE!!!/ShakeItUp,26
Kis-My-Ft2,YOSHIO-NEWMEMBER-,27
Kis-My-Ft2,Category:Kis-My-Ft2,28
Kis-My-Ft2,SNOWDOMEの約束INTOKYODOME2013.11.16,29
Kis-My-Ft2,KissMyFake,30
Kis-My-Ft2,AnotherFuture,31
Kis-My-Ft2,Kis-My-Ftに010逢えるdeShow,32
Kis-My-Ft2,ノート:Kis-My-Ft2/過去ログ,33
Kis-My-Ft2,SNOWDOMEの約束/LuvSick,34
Kis-My-Ft2,LUCKYSEVEN!!,35
Kis-My-Ft2,キ・ス・ウ・マ・イ〜KISSYOURMIND〜/S.O.S(SmileOn,36
Kis-My-Ft2,Template:Kis-My-Ft2,37
Kis-My-Ft2,光のシグナル,38
Kis-My-Ft2,キミとのキセキ,39
Kis-My-Ft2,Category‐ノート:Kis-My-Ft2,40
Kis-My-Ft2,濱キス,41
Kis-My-Ft2,HIT!HIT!HIT!,42
Kis-My-Ft2,舞祭組,43
Kis-My-Ft2,キス濱ラーニング,44
Kis-My-Ft2,ビギナーズ!,45
Kis-My-Ft2,もしもツアーズ,46
Kis-My-Ft2,OH!エルくらぶ,47
Kis-My-Ft2,A.B.C-Z,48
Kis-My-Ft2,キス濱テレビ,49
Kis-My-Ft2,ジェイ・ドリーム,50
黒子のバスケ,黒子のバスケ脅迫事件,1
黒子のバスケ,藤巻忠俊,2
黒子のバスケ,フープメン,3
黒子のバスケ,小野賢章,4
黒子のバスケ,RIMFIRE,5
黒子のバスケ,CanDo,6
黒子のバスケ,黒子,7
黒子のバスケ,黄瀬和哉,8
黒子のバスケ,小野友樹,9
黒子のバスケ,カタルリズム,10
黒子のバスケ,カタルリズム,11
黒子のバスケ,庄司将之,12
黒子のバスケ,シックスマン,13
黒子のバスケ,Category:バスケットボールアニメ,14
黒子のバスケ,WALK(OLDCODEXの曲),15
黒子のバスケ,平林佐和子,16
黒子のバスケ,水谷直樹(声優),17
黒子のバスケ,変幻自在のマジカルスター,18
黒子のバスケ,渡辺翔,19
黒子のバスケ,中澤一登,20
黒子のバスケ,OLDCODEX,21
黒子のバスケ,高木登,22
黒子のバスケ,バスケットボール,23
黒子のバスケ,TheOtherself,24
黒子のバスケ,樋口智透,25
黒子のバスケ,Startitrightaway,26
黒子のバスケ,諏訪部順一,27
黒子のバスケ,Category:バスケットボール漫画,28
黒子のバスケ,木村良平,29
黒子のバスケ,佐々木啓夫,30
黒子のバスケ,GRANRODEO,31
黒子のバスケ,島崎信長,32
黒子のバスケ,野島裕史,33
黒子のバスケ,菊地洋子,34
黒子のバスケ,R・O・N,35
黒子のバスケ,鈴木達央,36
黒子のバスケ,細谷佳正,37
黒子のバスケ,折笠富美子,38
黒子のバスケ,村上裕哉,39
黒子のバスケ,サキよみジャンBANG!,40
黒子のバスケ,中井和哉,41
黒子のバスケ,古島清孝,42
黒子のバスケ,谷山紀章,43
黒子のバスケ,Template:オリコン週間DVDアニメチャート第1位2013年-,44
黒子のバスケ,小野大輔,45
黒子のバスケ,江口拓也,46
黒子のバスケ,三木眞一郎,47
黒子のバスケ,三間雅文,48
黒子のバスケ,櫻井トオル,49
黒子のバスケ,アニメ+,50
wifi,Wi-Fi,1
wifi,ニンテンドーWi-Fiコネクション,2
wifi,公衆無線LAN,3
wifi,モバイルWi-Fiルーター,4
wifi,ソフトバンクWi-Fiスポット,5
wifi,PocketWiFi,6
wifi,IEEE802.11,7
wifi,Wi-Fine,8
wifi,ケータイWi-Fi,9
wifi,auWi-FiSPOT,10
wifi,MiFi,11
wifi,ルーター,12
wifi,D25HW,13
wifi,WiMAX,14
wifi,Wi-Fi電話端末,15
wifi,Wi-FiProtectedAccess,16
wifi,テザリング,17
wifi,SoftBank007Z,18
wifi,無線アクセス,19
wifi,S31HW,20
wifi,MIMO,21
wifi,FREESPOT,22
wifi,CA007,23
wifi,S41HW,24
wifi,ULTRASPEED,25
wifi,FON,26
wifi,ワイヤ・アンド・ワイヤレス,27
wifi,F01HW,28
wifi,GP02(イー・アクセス),29
wifi,AirStationOne-TouchSecureSystem,30
wifi,007Z,31
wifi,DATA08W,32
wifi,Miracast,33
wifi,GP01(イー・アクセス),34
wifi,SoftBank102HW,35
wifi,SoftBank102Z,36
wifi,WiBro,37
wifi,GL01P,38
wifi,PlayStationVita,39
wifi,AmazonKindle,40
wifi,N-04B,41
wifi,EMOBILELTE,42
wifi,ノート:Wi-Fi,43
wifi,SoftBank101SI,44
wifi,Centrino,45
wifi,モバイルWiMAX,46
wifi,EMOBILE4G,47
wifi,N-05C,48
wifi,P-01A,49
wifi,GL02P,50
綾乃剛,綾野剛,1
綾乃剛,AYANO!,2
綾乃剛,関市立関商工高等学校,3
綾乃剛,イヌゴエ,4
綾乃剛,シュアリー・サムデイ,5
綾乃剛,アザミ嬢のララバイ(テレビドラマ),6
綾乃剛,仮面ライダー555の登場人物,7
綾乃剛,クレオパトラな女たち,8
綾乃剛,渋谷(映画),9
綾乃剛,セカンドバージン,10
綾乃剛,セカンドバージン,11
綾乃剛,るろうに剣心(実写映画),12
綾乃剛,仮面ライダー555,13
綾乃剛,最高の離婚,14
綾乃剛,あぜ道のダンディ,15
綾乃剛,Mother(テレビドラマ),16
綾乃剛,開拓者たち,17
綾乃剛,GOLD(テレビドラマ),18
綾乃剛,さよならロビンソンクルーソー,19
綾乃剛,奈緒子,20
綾乃剛,D.ACTORSFILE,21
綾乃剛,村上幸平,22
綾乃剛,あの海を忘れない,23
綾乃剛,GANTZ(映画),24
綾乃剛,横道世之介,25
綾乃剛,クローズZERO,26
綾乃剛,IT'SALLRIGHT(大黒摩季の曲),27
綾乃剛,カーネーション(テレビドラマ),28
綾乃剛,月刊MEN,29
綾乃剛,S-最後の警官-,30
綾乃剛,勇者ヨシヒコと魔王の城,31
綾乃剛,トライストーン・エンタテイメント,32
綾乃剛,愛のむきだし,33
綾乃剛,アンフェア,34
綾乃剛,ガッチャマン(映画),35
綾乃剛,おはよう忍者隊ガッチャマン,36
綾乃剛,岐阜県出身の人物一覧,37
綾乃剛,空飛ぶ広報室,38
綾乃剛,松平容保,39
綾乃剛,近田雄一,40
綾乃剛,ボクらの時代,41
綾乃剛,小栗旬のオールナイトニッポン,42
綾乃剛,新しい靴を買わなくちゃ,43
綾乃剛,長石多可男,44
綾乃剛,ヘルタースケルター(漫画),45
綾乃剛,熊田曜子,46
綾乃剛,しゃべくり007,47
綾乃剛,はさみhasami,48
綾乃剛,孤独な惑星,49
綾乃剛,やまねあやの,50
高額医療費制度,高額療養費,1
高額医療費制度,海外療養費支給制度,2
高額医療費制度,医療費,3
高額医療費制度,日本の医療,4
高額医療費制度,医療費控除,5
高額医療費制度,医療保険,6
高額医療費制度,高度先進医療,7
高額医療費制度,後期高齢者医療制度,8
高額医療費制度,選定療養,9
高額医療費制度,医療保険制度改革(アメリカ),10
高額医療費制度,公費負担医療,11
高額医療費制度,国民健康保険,12
高額医療費制度,高齢者の医療の確保に関する法律,13
高額医療費制度,医療崩壊,14
高額医療費制度,年末調整,15
高額医療費制度,共済組合,16
高額医療費制度,ドイツの医療,17
高額医療費制度,フランスの医療,18
高額医療費制度,先進医療,19
高額医療費制度,健康保険,20
高額医療費制度,健康保険,21
高額医療費制度,国民健康保険団体連合会,22
高額医療費制度,自立支援医療（精神通院医療）,23
高額医療費制度,混合診療,24
高額医療費制度,社会保障,25
高額医療費制度,確定申告,26
高額医療費制度,診療報酬,27
高額医療費制度,医療格差,28
高額医療費制度,障害者の日常生活及び社会生活を総合的に支援するための法,29
高額医療費制度,介護保険,30
高額医療費制度,国立病院機構別府医療センター,31
高額医療費制度,特定疾患,32
高額医療費制度,スウェーデンの医療,33
高額医療費制度,腎移植,34
高額医療費制度,介護老人福祉施設,35
高額医療費制度,児童手当,36
高額医療費制度,ユニバーサルヘルスケア,37
高額医療費制度,留学,38
高額医療費制度,生活保護,39
高額医療費制度,中性子捕捉療法,40
高額医療費制度,医療訴訟,41
高額医療費制度,総合病院,42
高額医療費制度,特定疾病,43
高額医療費制度,党の舌,44
高額医療費制度,レセプト,45
高額医療費制度,介護老人保健施設,46
高額医療費制度,ノート:混合診療,47
高額医療費制度,青梅市,48
高額医療費制度,労働者災害補償保険,49
高額医療費制度,延命治療,50
tpp,環太平洋戦略的経済連携協定,1
tpp,TPP,2
tpp,中野剛志,3
tpp,TPP反対デモ,4
tpp,TPP交渉への早期参加を求める国民会議,5
tpp,日本のTPP交渉及び諸議論,6
tpp,非関税障壁,7
tpp,TPPを慎重に考える会,8
tpp,TPPを考える国民会議,9
tpp,TPP参加の即時撤回を求める会,10
tpp,チアミンピロリン酸,11
tpp,TTP,12
tpp,日本の著作権法における非親告罪化,13
tpp,自由貿易協定,14
tpp,トリフェニルホスフィン,15
tpp,減税日本・反TPP・脱原発を実現する党,16
tpp,甘利明,17
tpp,鶴岡公二,18
tpp,医療自由化,19
tpp,投資家対国家の紛争解決,20
tpp,アジア太平洋自由貿易圏,21
tpp,西川公也,22
tpp,著作権延長法,23
tpp,関税,24
tpp,経済連携協定,25
tpp,チアミン,26
tpp,リボスイッチ,27
tpp,藤井聡,28
tpp,鈴木宣弘,29
tpp,山田正彦(政治家),30
tpp,混合診療,31
tpp,ピルビン酸デヒドロゲナーゼ複合体,32
tpp,大江博,33
tpp,宇沢弘文,34
tpp,モンサント(企業),35
tpp,環太平洋経済連携に関する研究会,36
tpp,輸入デフレ論,37
tpp,米倉弘昌,38
tpp,米韓自由貿易協定,39
tpp,環太平洋戦略的経済連携協定,40
tpp,伊藤元重,41
tpp,Wikipedia:コメント依頼/TPPのIPユーザー,42
tpp,補酵素,43
tpp,法定損害賠償,44
tpp,Category:反TPP・脱原発・消費増税凍結を実現する党-,45
tpp,アジア太平洋経済協力,46
tpp,サービスの貿易に関する一般協定,47
tpp,自由貿易,48
tpp,モンダミン,49
tpp,安部芳裕,50
pdf,PortableDocumentFormat,1
pdf,PDF/A,2
pdf,PDF/X,3
pdf,PDFソフトウェアの一覧,4
pdf,AdobeAcrobat,5
pdf,PDF-XChange,6
pdf,PrimoPDF,7
pdf,JUSTPDF,8
pdf,クセロPDF,9
pdf,Xpdf,10
pdf,pdf,11
pdf,いきなりPDF,12
pdf,瞬簡PDF統合版,13
pdf,FoxitReader,14
pdf,PDFCreator,15
pdf,PostScript,16
pdf,瞬簡PDF,17
pdf,ファイル:IntroductiontoAbusefilter(Japanese).pdf,18
pdf,PAdES,19
pdf,KeyringPDF,20
pdf,Poppler,21
pdf,dvipdfm,22
pdf,アンテナハウス,23
pdf,iBooks,24
pdf,Ghostscript,25
pdf,AdobeLiveCyclePDFGenerator,26
pdf,AntennaHousePDFViewerSDK,27
pdf,自炊(電子書籍),28
pdf,CubePDF,29
pdf,Category:PDFソフト,30
pdf,Evince,31
pdf,ファイル:HighwayMapKansai.pdf,32
pdf,Category:PDF,33
pdf,Template:PDFsoftware,34
pdf,FlashPaper,35
pdf,ノート:瞬簡PDF,36
pdf,ファイル:SImap.pdf,37
pdf,DocuWorks,38
pdf,ファイル:Betadistributionpdf.svg,39
pdf,DjVu,40
pdf,ファイル:HighwayMapKyoto.pdf,41
pdf,ファイル:Dongurikorokoroscore.pdf,42
pdf,ファイル:What'istheaimofWikipedia-Notabilityand,43
pdf,ファイル:NormalDistributionPDF.svg,44
pdf,ファイル:MalaysiaAct1963.pdf,45
pdf,ファイル:Squaredmanuscriptpaper.pdf,46
pdf,プレビュー(ソフトウェア),47
pdf,ファイル:Gammadistributionpdf.svg,48
pdf,ファイル:ASCfunction.pdf,49
pdf,ファイル:WarArtExhibition.pdf,50
膠原病,膠原病,1
膠原病,全身性エリテマトーデス,2
膠原病,皮膚筋炎,3
膠原病,リウマチ学,4
膠原病,RS3PE,5
膠原病,混合性結合組織病,6
膠原病,Category:膠原病,7
膠原病,自己免疫疾患,8
膠原病,リウマチ,9
膠原病,強皮症,10
膠原病,フィブリノイド変性,11
膠原病,血管炎症候群,12
膠原病,強皮症,13
膠原病,シェーグレン症候群,14
膠原病,関節リウマチ,15
膠原病,レイノー病,16
膠原病,岸洋子,17
膠原病,リウマチ熱,18
膠原病,リウマチ性多発筋痛症,19
膠原病,強膜炎,20
膠原病,IgG4関連疾患,21
膠原病,大動脈炎症候群,22
膠原病,陰部潰瘍,23
膠原病,抗核抗体,24
膠原病,側頭動脈炎,25
膠原病,結節性紅斑,26
膠原病,安奈淳,27
膠原病,再発性多発軟骨炎,28
膠原病,不明熱,29
膠原病,さかもと未明,30
膠原病,成人スティル病,31
膠原病,ウェゲナー肉芽腫症,32
膠原病,結節性多発動脈炎,33
膠原病,ラインハルト・フォン・ローエングラム,34
膠原病,霧矢大夢,35
膠原病,特発性血小板減少性紫斑病,36
膠原病,ノート:膠原病,37
膠原病,田中希代子,38
膠原病,特定疾患,39
膠原病,原発性免疫不全症候群,40
膠原病,アレルギー性肉芽腫性血管炎,41
膠原病,藤田三保子,42
膠原病,グッドパスチャー症候群,43
膠原病,封入体筋炎,44
膠原病,抗リン脂質抗体症候群,45
膠原病,変性(医学),46
膠原病,タペストリー-youwillmeetyourself-,47
膠原病,抗セントロメア抗体,48
膠原病,間質性肺炎,49
膠原病,藤枝市立総合病院,50
